zone_id,zone_name,jahr,iso_woche,von,bis,niederschlag_mm,temperatur_mittel_c
north_taiga,Север (тайга),1996,9,1996-03-01,1996-03-03,1.5,-12.7
north_taiga,Север (тайга),1996,10,1996-03-04,1996-03-10,0.3,-10.0
north_taiga,Север (тайга),1996,11,1996-03-11,1996-03-17,1.3,-7.1
north_taiga,Север (тайга),1996,12,1996-03-18,1996-03-24,1.0,-9.9
north_taiga,Север (тайга),1996,13,1996-03-25,1996-03-31,0.3,-6.0
north_taiga,Север (тайга),1996,14,1996-04-01,1996-04-07,0.0,-3.5
north_taiga,Север (тайга),1996,15,1996-04-08,1996-04-14,4.6,-1.7
north_taiga,Север (тайга),1996,16,1996-04-15,1996-04-21,45.7,-0.4
north_taiga,Север (тайга),1996,17,1996-04-22,1996-04-28,38.4,-4.1
north_taiga,Север (тайга),1996,18,1996-04-29,1996-05-05,1.2,1.1
north_taiga,Север (тайга),1996,19,1996-05-06,1996-05-12,18.8,10.0
north_taiga,Север (тайга),1996,20,1996-05-13,1996-05-19,18.4,8.1
north_taiga,Север (тайга),1996,21,1996-05-20,1996-05-26,32.3,4.6
north_taiga,Север (тайга),1996,22,1996-05-27,1996-06-02,0.0,11.1
north_taiga,Север (тайга),1996,23,1996-06-03,1996-06-09,15.2,13.7
north_taiga,Север (тайга),1996,24,1996-06-10,1996-06-16,40.5,13.5
north_taiga,Север (тайга),1996,25,1996-06-17,1996-06-23,6.4,20.4
north_taiga,Север (тайга),1996,26,1996-06-24,1996-06-30,24.4,16.9
north_taiga,Север (тайга),1996,27,1996-07-01,1996-07-07,34.2,18.0
north_taiga,Север (тайга),1996,28,1996-07-08,1996-07-14,39.0,17.2
north_taiga,Север (тайга),1996,29,1996-07-15,1996-07-21,6.4,22.4
north_taiga,Север (тайга),1996,30,1996-07-22,1996-07-28,38.2,18.7
north_taiga,Север (тайга),1996,31,1996-07-29,1996-08-04,15.1,17.3
north_taiga,Север (тайга),1996,32,1996-08-05,1996-08-11,27.7,13.9
north_taiga,Север (тайга),1996,33,1996-08-12,1996-08-18,19.2,10.8
north_taiga,Север (тайга),1996,34,1996-08-19,1996-08-25,49.9,11.4
north_taiga,Север (тайга),1996,35,1996-08-26,1996-09-01,11.8,7.2
north_taiga,Север (тайга),1996,36,1996-09-02,1996-09-08,29.3,7.5
north_taiga,Север (тайга),1996,37,1996-09-09,1996-09-15,14.1,6.4
north_taiga,Север (тайга),1996,38,1996-09-16,1996-09-22,10.7,4.7
north_taiga,Север (тайга),1996,39,1996-09-23,1996-09-29,23.2,4.0
north_taiga,Север (тайга),1996,40,1996-09-30,1996-10-06,5.9,3.1
north_taiga,Север (тайга),1996,41,1996-10-07,1996-10-13,3.0,4.8
north_taiga,Север (тайга),1996,42,1996-10-14,1996-10-20,10.4,-1.2
north_taiga,Север (тайга),1996,43,1996-10-21,1996-10-27,10.7,-5.8
north_taiga,Север (тайга),1996,44,1996-10-28,1996-10-31,0.2,-4.0
north_taiga,Север (тайга),1997,9,1997-03-01,1997-03-02,0.0,-7.4
north_taiga,Север (тайга),1997,10,1997-03-03,1997-03-09,4.9,-4.6
north_taiga,Север (тайга),1997,11,1997-03-10,1997-03-16,15.4,-4.2
north_taiga,Север (тайга),1997,12,1997-03-17,1997-03-23,0.0,-2.7
north_taiga,Север (тайга),1997,13,1997-03-24,1997-03-30,1.7,-0.2
north_taiga,Север (тайга),1997,14,1997-03-31,1997-04-06,4.0,1.5
north_taiga,Север (тайга),1997,15,1997-04-07,1997-04-13,10.7,5.8
north_taiga,Север (тайга),1997,16,1997-04-14,1997-04-20,1.1,8.2
north_taiga,Север (тайга),1997,17,1997-04-21,1997-04-27,12.5,9.3
north_taiga,Север (тайга),1997,18,1997-04-28,1997-05-04,1.1,7.5
north_taiga,Север (тайга),1997,19,1997-05-05,1997-05-11,9.6,6.7
north_taiga,Север (тайга),1997,20,1997-05-12,1997-05-18,3.6,8.1
north_taiga,Север (тайга),1997,21,1997-05-19,1997-05-25,13.7,11.4
north_taiga,Север (тайга),1997,22,1997-05-26,1997-06-01,8.0,17.4
north_taiga,Север (тайга),1997,23,1997-06-02,1997-06-08,0.8,14.6
north_taiga,Север (тайга),1997,24,1997-06-09,1997-06-15,19.5,11.1
north_taiga,Север (тайга),1997,25,1997-06-16,1997-06-22,13.4,12.2
north_taiga,Север (тайга),1997,26,1997-06-23,1997-06-29,7.4,17.5
north_taiga,Север (тайга),1997,27,1997-06-30,1997-07-06,17.1,14.1
north_taiga,Север (тайга),1997,28,1997-07-07,1997-07-13,31.8,14.3
north_taiga,Север (тайга),1997,29,1997-07-14,1997-07-20,12.9,12.9
north_taiga,Север (тайга),1997,30,1997-07-21,1997-07-27,11.9,14.3
north_taiga,Север (тайга),1997,31,1997-07-28,1997-08-03,7.6,17.1
north_taiga,Север (тайга),1997,32,1997-08-04,1997-08-10,20.9,15.6
north_taiga,Север (тайга),1997,33,1997-08-11,1997-08-17,5.8,16.6
north_taiga,Север (тайга),1997,34,1997-08-18,1997-08-24,21.9,12.7
north_taiga,Север (тайга),1997,35,1997-08-25,1997-08-31,21.0,9.6
north_taiga,Север (тайга),1997,36,1997-09-01,1997-09-07,35.2,6.6
north_taiga,Север (тайга),1997,37,1997-09-08,1997-09-14,5.7,11.1
north_taiga,Север (тайга),1997,38,1997-09-15,1997-09-21,14.2,12.9
north_taiga,Север (тайга),1997,39,1997-09-22,1997-09-28,0.0,11.4
north_taiga,Север (тайга),1997,40,1997-09-29,1997-10-05,1.7,8.2
north_taiga,Север (тайга),1997,41,1997-10-06,1997-10-12,21.2,6.2
north_taiga,Север (тайга),1997,42,1997-10-13,1997-10-19,23.3,5.2
north_taiga,Север (тайга),1997,43,1997-10-20,1997-10-26,1.0,3.4
north_taiga,Север (тайга),1997,44,1997-10-27,1997-10-31,3.6,0.9
north_taiga,Север (тайга),1998,9,1998-03-01,1998-03-01,0.0,-8.9
north_taiga,Север (тайга),1998,10,1998-03-02,1998-03-08,0.0,-6.6
north_taiga,Север (тайга),1998,11,1998-03-09,1998-03-15,0.7,-8.7
north_taiga,Север (тайга),1998,12,1998-03-16,1998-03-22,0.0,-8.9
north_taiga,Север (тайга),1998,13,1998-03-23,1998-03-29,0.5,-7.4
north_taiga,Север (тайга),1998,14,1998-03-30,1998-04-05,11.7,-4.5
north_taiga,Север (тайга),1998,15,1998-04-06,1998-04-12,21.1,-2.8
north_taiga,Север (тайга),1998,16,1998-04-13,1998-04-19,18.7,-5.1
north_taiga,Север (тайга),1998,17,1998-04-20,1998-04-26,2.1,-2.0
north_taiga,Север (тайга),1998,18,1998-04-27,1998-05-03,25.8,0.1
north_taiga,Север (тайга),1998,19,1998-05-04,1998-05-10,12.1,7.2
north_taiga,Север (тайга),1998,20,1998-05-11,1998-05-17,10.1,2.1
north_taiga,Север (тайга),1998,21,1998-05-18,1998-05-24,0.0,11.0
north_taiga,Север (тайга),1998,22,1998-05-25,1998-05-31,2.5,17.2
north_taiga,Север (тайга),1998,23,1998-06-01,1998-06-07,11.4,16.2
north_taiga,Север (тайга),1998,24,1998-06-08,1998-06-14,31.1,14.7
north_taiga,Север (тайга),1998,25,1998-06-15,1998-06-21,14.4,18.3
north_taiga,Север (тайга),1998,26,1998-06-22,1998-06-28,5.7,12.9
north_taiga,Север (тайга),1998,27,1998-06-29,1998-07-05,35.1,16.8
north_taiga,Север (тайга),1998,28,1998-07-06,1998-07-12,4.6,22.6
north_taiga,Север (тайга),1998,29,1998-07-13,1998-07-19,10.5,21.5
north_taiga,Север (тайга),1998,30,1998-07-20,1998-07-26,0.0,22.9
north_taiga,Север (тайга),1998,31,1998-07-27,1998-08-02,5.1,23.5
north_taiga,Север (тайга),1998,32,1998-08-03,1998-08-09,8.7,22.9
north_taiga,Север (тайга),1998,33,1998-08-10,1998-08-16,29.4,20.4
north_taiga,Север (тайга),1998,34,1998-08-17,1998-08-23,12.0,13.2
north_taiga,Север (тайга),1998,35,1998-08-24,1998-08-30,18.4,14.4
north_taiga,Север (тайга),1998,36,1998-08-31,1998-09-06,26.2,8.3
north_taiga,Север (тайга),1998,37,1998-09-07,1998-09-13,8.8,8.1
north_taiga,Север (тайга),1998,38,1998-09-14,1998-09-20,5.5,10.2
north_taiga,Север (тайга),1998,39,1998-09-21,1998-09-27,23.6,3.1
north_taiga,Север (тайга),1998,40,1998-09-28,1998-10-04,22.1,0.2
north_taiga,Север (тайга),1998,41,1998-10-05,1998-10-11,24.9,-0.3
north_taiga,Север (тайга),1998,42,1998-10-12,1998-10-18,32.8,1.7
north_taiga,Север (тайга),1998,43,1998-10-19,1998-10-25,12.1,2.1
north_taiga,Север (тайга),1998,44,1998-10-26,1998-10-31,14.7,0.3
north_taiga,Север (тайга),1999,9,1999-03-01,1999-03-07,0.0,-17.2
north_taiga,Север (тайга),1999,10,1999-03-08,1999-03-14,0.0,-19.8
north_taiga,Север (тайга),1999,11,1999-03-15,1999-03-21,5.1,-15.5
north_taiga,Север (тайга),1999,12,1999-03-22,1999-03-28,2.2,-9.4
north_taiga,Север (тайга),1999,13,1999-03-29,1999-04-04,10.2,-2.0
north_taiga,Север (тайга),1999,14,1999-04-05,1999-04-11,22.3,-1.1
north_taiga,Север (тайга),1999,15,1999-04-12,1999-04-18,8.0,0.0
north_taiga,Север (тайга),1999,16,1999-04-19,1999-04-25,0.6,-2.5
north_taiga,Север (тайга),1999,17,1999-04-26,1999-05-02,2.8,6.7
north_taiga,Север (тайга),1999,18,1999-05-03,1999-05-09,4.6,8.4
north_taiga,Север (тайга),1999,19,1999-05-10,1999-05-16,13.2,10.3
north_taiga,Север (тайга),1999,20,1999-05-17,1999-05-23,9.6,14.1
north_taiga,Север (тайга),1999,21,1999-05-24,1999-05-30,13.1,14.8
north_taiga,Север (тайга),1999,22,1999-05-31,1999-06-06,5.4,16.5
north_taiga,Север (тайга),1999,23,1999-06-07,1999-06-13,18.6,9.1
north_taiga,Север (тайга),1999,24,1999-06-14,1999-06-20,4.8,10.5
north_taiga,Север (тайга),1999,25,1999-06-21,1999-06-27,0.8,17.5
north_taiga,Север (тайга),1999,26,1999-06-28,1999-07-04,6.2,17.3
north_taiga,Север (тайга),1999,27,1999-07-05,1999-07-11,10.6,21.8
north_taiga,Север (тайга),1999,28,1999-07-12,1999-07-18,38.3,18.4
north_taiga,Север (тайга),1999,29,1999-07-19,1999-07-25,6.4,18.2
north_taiga,Север (тайга),1999,30,1999-07-26,1999-08-01,7.6,21.6
north_taiga,Север (тайга),1999,31,1999-08-02,1999-08-08,5.4,13.2
north_taiga,Север (тайга),1999,32,1999-08-09,1999-08-15,8.8,15.3
north_taiga,Север (тайга),1999,33,1999-08-16,1999-08-22,17.3,18.0
north_taiga,Север (тайга),1999,34,1999-08-23,1999-08-29,13.4,13.6
north_taiga,Север (тайга),1999,35,1999-08-30,1999-09-05,29.1,8.9
north_taiga,Север (тайга),1999,36,1999-09-06,1999-09-12,16.0,7.0
north_taiga,Север (тайга),1999,37,1999-09-13,1999-09-19,0.7,11.6
north_taiga,Север (тайга),1999,38,1999-09-20,1999-09-26,6.9,3.9
north_taiga,Север (тайга),1999,39,1999-09-27,1999-10-03,13.7,6.3
north_taiga,Север (тайга),1999,40,1999-10-04,1999-10-10,7.8,8.1
north_taiga,Север (тайга),1999,41,1999-10-11,1999-10-17,3.2,6.4
north_taiga,Север (тайга),1999,42,1999-10-18,1999-10-24,17.5,0.4
north_taiga,Север (тайга),1999,43,1999-10-25,1999-10-31,4.0,-0.9
north_taiga,Север (тайга),2000,9,2000-03-01,2000-03-05,7.2,-7.1
north_taiga,Север (тайга),2000,10,2000-03-06,2000-03-12,0.0,-6.8
north_taiga,Север (тайга),2000,11,2000-03-13,2000-03-19,0.5,-6.2
north_taiga,Север (тайга),2000,12,2000-03-20,2000-03-26,8.4,-2.7
north_taiga,Север (тайга),2000,13,2000-03-27,2000-04-02,7.4,-2.3
north_taiga,Север (тайга),2000,14,2000-04-03,2000-04-09,3.4,-0.9
north_taiga,Север (тайга),2000,15,2000-04-10,2000-04-16,2.3,2.6
north_taiga,Север (тайга),2000,16,2000-04-17,2000-04-23,0.0,7.5
north_taiga,Север (тайга),2000,17,2000-04-24,2000-04-30,7.7,5.5
north_taiga,Север (тайга),2000,18,2000-05-01,2000-05-07,22.5,4.4
north_taiga,Север (тайга),2000,19,2000-05-08,2000-05-14,5.3,5.9
north_taiga,Север (тайга),2000,20,2000-05-15,2000-05-21,13.1,10.8
north_taiga,Север (тайга),2000,21,2000-05-22,2000-05-28,15.5,15.7
north_taiga,Север (тайга),2000,22,2000-05-29,2000-06-04,10.2,11.8
north_taiga,Север (тайга),2000,23,2000-06-05,2000-06-11,26.7,13.9
north_taiga,Север (тайга),2000,24,2000-06-12,2000-06-18,18.2,19.4
north_taiga,Север (тайга),2000,25,2000-06-19,2000-06-25,13.1,22.9
north_taiga,Север (тайга),2000,26,2000-06-26,2000-07-02,0.0,17.9
north_taiga,Север (тайга),2000,27,2000-07-03,2000-07-09,47.5,18.2
north_taiga,Север (тайга),2000,28,2000-07-10,2000-07-16,0.7,17.7
north_taiga,Север (тайга),2000,29,2000-07-17,2000-07-23,11.4,16.2
north_taiga,Север (тайга),2000,30,2000-07-24,2000-07-30,10.5,18.0
north_taiga,Север (тайга),2000,31,2000-07-31,2000-08-06,24.5,19.0
north_taiga,Север (тайга),2000,32,2000-08-07,2000-08-13,22.2,16.7
north_taiga,Север (тайга),2000,33,2000-08-14,2000-08-20,28.6,15.1
north_taiga,Север (тайга),2000,34,2000-08-21,2000-08-27,15.3,13.4
north_taiga,Север (тайга),2000,35,2000-08-28,2000-09-03,6.4,11.4
north_taiga,Север (тайга),2000,36,2000-09-04,2000-09-10,3.1,15.1
north_taiga,Север (тайга),2000,37,2000-09-11,2000-09-17,20.4,7.8
north_taiga,Север (тайга),2000,38,2000-09-18,2000-09-24,15.7,4.1
north_taiga,Север (тайга),2000,39,2000-09-25,2000-10-01,14.2,2.6
north_taiga,Север (тайга),2000,40,2000-10-02,2000-10-08,0.0,-1.1
north_taiga,Север (тайга),2000,41,2000-10-09,2000-10-15,6.5,0.8
north_taiga,Север (тайга),2000,42,2000-10-16,2000-10-22,9.4,-2.8
north_taiga,Север (тайга),2000,43,2000-10-23,2000-10-29,1.0,0.3
north_taiga,Север (тайга),2000,44,2000-10-30,2000-10-31,1.7,0.2
north_taiga,Север (тайга),2001,9,2001-03-01,2001-03-04,5.0,-15.3
north_taiga,Север (тайга),2001,10,2001-03-05,2001-03-11,12.1,-7.6
north_taiga,Север (тайга),2001,11,2001-03-12,2001-03-18,3.6,-1.8
north_taiga,Север (тайга),2001,12,2001-03-19,2001-03-25,22.7,-4.9
north_taiga,Север (тайга),2001,13,2001-03-26,2001-04-01,12.7,-1.6
north_taiga,Север (тайга),2001,14,2001-04-02,2001-04-08,4.8,-3.8
north_taiga,Север (тайга),2001,15,2001-04-09,2001-04-15,1.3,2.3
north_taiga,Север (тайга),2001,16,2001-04-16,2001-04-22,0.1,3.8
north_taiga,Север (тайга),2001,17,2001-04-23,2001-04-29,6.6,3.9
north_taiga,Север (тайга),2001,18,2001-04-30,2001-05-06,0.0,11.0
north_taiga,Север (тайга),2001,19,2001-05-07,2001-05-13,32.2,9.3
north_taiga,Север (тайга),2001,20,2001-05-14,2001-05-20,7.0,10.8
north_taiga,Север (тайга),2001,21,2001-05-21,2001-05-27,2.1,17.8
north_taiga,Север (тайга),2001,22,2001-05-28,2001-06-03,23.2,16.0
north_taiga,Север (тайга),2001,23,2001-06-04,2001-06-10,29.4,12.1
north_taiga,Север (тайга),2001,24,2001-06-11,2001-06-17,24.1,16.0
north_taiga,Север (тайга),2001,25,2001-06-18,2001-06-24,33.5,14.5
north_taiga,Север (тайга),2001,26,2001-06-25,2001-07-01,43.1,15.0
north_taiga,Север (тайга),2001,27,2001-07-02,2001-07-08,17.9,13.9
north_taiga,Север (тайга),2001,28,2001-07-09,2001-07-15,36.5,14.3
north_taiga,Север (тайга),2001,29,2001-07-16,2001-07-22,9.5,16.5
north_taiga,Север (тайга),2001,30,2001-07-23,2001-07-29,25.8,14.9
north_taiga,Север (тайга),2001,31,2001-07-30,2001-08-05,0.1,19.3
north_taiga,Север (тайга),2001,32,2001-08-06,2001-08-12,27.8,16.2
north_taiga,Север (тайга),2001,33,2001-08-13,2001-08-19,26.6,17.4
north_taiga,Север (тайга),2001,34,2001-08-20,2001-08-26,33.9,11.9
north_taiga,Север (тайга),2001,35,2001-08-27,2001-09-02,21.8,12.9
north_taiga,Север (тайга),2001,36,2001-09-03,2001-09-09,23.7,12.8
north_taiga,Север (тайга),2001,37,2001-09-10,2001-09-16,1.0,7.2
north_taiga,Север (тайга),2001,38,2001-09-17,2001-09-23,10.5,9.5
north_taiga,Север (тайга),2001,39,2001-09-24,2001-09-30,13.8,8.4
north_taiga,Север (тайга),2001,40,2001-10-01,2001-10-07,12.5,5.4
north_taiga,Север (тайга),2001,41,2001-10-08,2001-10-14,14.5,0.9
north_taiga,Север (тайга),2001,42,2001-10-15,2001-10-21,16.4,-4.4
north_taiga,Север (тайга),2001,43,2001-10-22,2001-10-28,12.6,-4.2
north_taiga,Север (тайга),2001,44,2001-10-29,2001-10-31,0.4,-1.1
north_taiga,Север (тайга),2002,9,2002-03-01,2002-03-03,1.9,-5.5
north_taiga,Север (тайга),2002,10,2002-03-04,2002-03-10,31.1,-1.1
north_taiga,Север (тайга),2002,11,2002-03-11,2002-03-17,20.9,-3.6
north_taiga,Север (тайга),2002,12,2002-03-18,2002-03-24,0.9,-3.9
north_taiga,Север (тайга),2002,13,2002-03-25,2002-03-31,4.7,-7.0
north_taiga,Север (тайга),2002,14,2002-04-01,2002-04-07,0.0,-10.0
north_taiga,Север (тайга),2002,15,2002-04-08,2002-04-14,1.9,-3.3
north_taiga,Север (тайга),2002,16,2002-04-15,2002-04-21,0.6,-0.0
north_taiga,Север (тайга),2002,17,2002-04-22,2002-04-28,1.0,4.0
north_taiga,Север (тайга),2002,18,2002-04-29,2002-05-05,1.4,5.7
north_taiga,Север (тайга),2002,19,2002-05-06,2002-05-12,13.7,7.5
north_taiga,Север (тайга),2002,20,2002-05-13,2002-05-19,11.6,7.1
north_taiga,Север (тайга),2002,21,2002-05-20,2002-05-26,12.9,13.5
north_taiga,Север (тайга),2002,22,2002-05-27,2002-06-02,29.0,9.1
north_taiga,Север (тайга),2002,23,2002-06-03,2002-06-09,19.2,11.1
north_taiga,Север (тайга),2002,24,2002-06-10,2002-06-16,12.6,15.2
north_taiga,Север (тайга),2002,25,2002-06-17,2002-06-23,34.2,18.2
north_taiga,Север (тайга),2002,26,2002-06-24,2002-06-30,28.7,16.2
north_taiga,Север (тайга),2002,27,2002-07-01,2002-07-07,7.0,18.9
north_taiga,Север (тайга),2002,28,2002-07-08,2002-07-14,15.6,16.1
north_taiga,Север (тайга),2002,29,2002-07-15,2002-07-21,20.2,13.3
north_taiga,Север (тайга),2002,30,2002-07-22,2002-07-28,0.5,18.5
north_taiga,Север (тайга),2002,31,2002-07-29,2002-08-04,14.8,14.7
north_taiga,Север (тайга),2002,32,2002-08-05,2002-08-11,26.2,14.1
north_taiga,Север (тайга),2002,33,2002-08-12,2002-08-18,27.3,12.7
north_taiga,Север (тайга),2002,34,2002-08-19,2002-08-25,30.7,13.1
north_taiga,Север (тайга),2002,35,2002-08-26,2002-09-01,7.6,11.8
north_taiga,Север (тайга),2002,36,2002-09-02,2002-09-08,15.7,11.3
north_taiga,Север (тайга),2002,37,2002-09-09,2002-09-15,2.6,10.7
north_taiga,Север (тайга),2002,38,2002-09-16,2002-09-22,8.5,11.5
north_taiga,Север (тайга),2002,39,2002-09-23,2002-09-29,12.9,6.5
north_taiga,Север (тайга),2002,40,2002-09-30,2002-10-06,19.0,4.6
north_taiga,Север (тайга),2002,41,2002-10-07,2002-10-13,14.6,-0.1
north_taiga,Север (тайга),2002,42,2002-10-14,2002-10-20,8.3,-2.7
north_taiga,Север (тайга),2002,43,2002-10-21,2002-10-27,0.0,1.4
north_taiga,Север (тайга),2002,44,2002-10-28,2002-10-31,0.0,-0.3
north_taiga,Север (тайга),2003,9,2003-03-01,2003-03-02,3.1,-9.2
north_taiga,Север (тайга),2003,10,2003-03-03,2003-03-09,2.4,-15.1
north_taiga,Север (тайга),2003,11,2003-03-10,2003-03-16,0.0,-7.6
north_taiga,Север (тайга),2003,12,2003-03-17,2003-03-23,3.6,-5.6
north_taiga,Север (тайга),2003,13,2003-03-24,2003-03-30,6.0,-1.6
north_taiga,Север (тайга),2003,14,2003-03-31,2003-04-06,0.0,-2.4
north_taiga,Север (тайга),2003,15,2003-04-07,2003-04-13,0.0,-0.4
north_taiga,Север (тайга),2003,16,2003-04-14,2003-04-20,2.8,-1.7
north_taiga,Север (тайга),2003,17,2003-04-21,2003-04-27,15.7,4.9
north_taiga,Север (тайга),2003,18,2003-04-28,2003-05-04,7.7,5.2
north_taiga,Север (тайга),2003,19,2003-05-05,2003-05-11,0.9,12.5
north_taiga,Север (тайга),2003,20,2003-05-12,2003-05-18,0.5,14.4
north_taiga,Север (тайга),2003,21,2003-05-19,2003-05-25,6.8,14.4
north_taiga,Север (тайга),2003,22,2003-05-26,2003-06-01,13.5,11.7
north_taiga,Север (тайга),2003,23,2003-06-02,2003-06-08,13.5,16.1
north_taiga,Север (тайга),2003,24,2003-06-09,2003-06-15,12.9,14.4
north_taiga,Север (тайга),2003,25,2003-06-16,2003-06-22,34.8,16.1
north_taiga,Север (тайга),2003,26,2003-06-23,2003-06-29,3.9,20.8
north_taiga,Север (тайга),2003,27,2003-06-30,2003-07-06,0.5,22.2
north_taiga,Север (тайга),2003,28,2003-07-07,2003-07-13,20.8,17.7
north_taiga,Север (тайга),2003,29,2003-07-14,2003-07-20,56.7,14.0
north_taiga,Север (тайга),2003,30,2003-07-21,2003-07-27,0.2,13.0
north_taiga,Север (тайга),2003,31,2003-07-28,2003-08-03,7.5,16.8
north_taiga,Север (тайга),2003,32,2003-08-04,2003-08-10,9.0,19.6
north_taiga,Север (тайга),2003,33,2003-08-11,2003-08-17,11.4,16.5
north_taiga,Север (тайга),2003,34,2003-08-18,2003-08-24,0.2,20.3
north_taiga,Север (тайга),2003,35,2003-08-25,2003-08-31,10.8,20.4
north_taiga,Север (тайга),2003,36,2003-09-01,2003-09-07,0.9,17.8
north_taiga,Север (тайга),2003,37,2003-09-08,2003-09-14,12.0,9.2
north_taiga,Север (тайга),2003,38,2003-09-15,2003-09-21,7.0,11.1
north_taiga,Север (тайга),2003,39,2003-09-22,2003-09-28,5.8,5.3
north_taiga,Север (тайга),2003,40,2003-09-29,2003-10-05,0.0,8.6
north_taiga,Север (тайга),2003,41,2003-10-06,2003-10-12,0.0,2.8
north_taiga,Север (тайга),2003,42,2003-10-13,2003-10-19,7.4,4.4
north_taiga,Север (тайга),2003,43,2003-10-20,2003-10-26,43.8,-0.7
north_taiga,Север (тайга),2003,44,2003-10-27,2003-10-31,3.6,-2.8
north_taiga,Север (тайга),2004,10,2004-03-01,2004-03-07,10.6,-4.8
north_taiga,Север (тайга),2004,11,2004-03-08,2004-03-14,4.6,-14.0
north_taiga,Север (тайга),2004,12,2004-03-15,2004-03-21,3.6,-10.9
north_taiga,Север (тайга),2004,13,2004-03-22,2004-03-28,4.1,-14.6
north_taiga,Север (тайга),2004,14,2004-03-29,2004-04-04,11.4,-0.0
north_taiga,Север (тайга),2004,15,2004-04-05,2004-04-11,9.9,-2.1
north_taiga,Север (тайга),2004,16,2004-04-12,2004-04-18,10.0,-1.3
north_taiga,Север (тайга),2004,17,2004-04-19,2004-04-25,9.1,-2.4
north_taiga,Север (тайга),2004,18,2004-04-26,2004-05-02,1.9,-0.7
north_taiga,Север (тайга),2004,19,2004-05-03,2004-05-09,3.6,4.1
north_taiga,Север (тайга),2004,20,2004-05-10,2004-05-16,1.3,17.6
north_taiga,Север (тайга),2004,21,2004-05-17,2004-05-23,40.4,15.5
north_taiga,Север (тайга),2004,22,2004-05-24,2004-05-30,2.5,16.9
north_taiga,Север (тайга),2004,23,2004-05-31,2004-06-06,24.4,17.5
north_taiga,Север (тайга),2004,24,2004-06-07,2004-06-13,3.6,17.3
north_taiga,Север (тайга),2004,25,2004-06-14,2004-06-20,36.7,17.6
north_taiga,Север (тайга),2004,26,2004-06-21,2004-06-27,11.1,16.6
north_taiga,Север (тайга),2004,27,2004-06-28,2004-07-04,1.8,17.8
north_taiga,Север (тайга),2004,28,2004-07-05,2004-07-11,12.8,15.5
north_taiga,Север (тайга),2004,29,2004-07-12,2004-07-18,9.2,19.7
north_taiga,Север (тайга),2004,30,2004-07-19,2004-07-25,0.2,20.4
north_taiga,Север (тайга),2004,31,2004-07-26,2004-08-01,10.6,21.0
north_taiga,Север (тайга),2004,32,2004-08-02,2004-08-08,0.9,14.7
north_taiga,Север (тайга),2004,33,2004-08-09,2004-08-15,33.8,14.5
north_taiga,Север (тайга),2004,34,2004-08-16,2004-08-22,15.3,13.8
north_taiga,Север (тайга),2004,35,2004-08-23,2004-08-29,2.7,14.4
north_taiga,Север (тайга),2004,36,2004-08-30,2004-09-05,17.5,10.1
north_taiga,Север (тайга),2004,37,2004-09-06,2004-09-12,38.5,8.1
north_taiga,Север (тайга),2004,38,2004-09-13,2004-09-19,16.6,11.8
north_taiga,Север (тайга),2004,39,2004-09-20,2004-09-26,22.8,4.7
north_taiga,Север (тайга),2004,40,2004-09-27,2004-10-03,18.0,5.9
north_taiga,Север (тайга),2004,41,2004-10-04,2004-10-10,29.2,5.2
north_taiga,Север (тайга),2004,42,2004-10-11,2004-10-17,25.6,1.8
north_taiga,Север (тайга),2004,43,2004-10-18,2004-10-24,8.7,-3.9
north_taiga,Север (тайга),2004,44,2004-10-25,2004-10-31,26.8,-0.9
north_taiga,Север (тайга),2005,9,2005-03-01,2005-03-06,2.5,-9.1
north_taiga,Север (тайга),2005,10,2005-03-07,2005-03-13,12.1,-8.0
north_taiga,Север (тайга),2005,11,2005-03-14,2005-03-20,9.7,-4.1
north_taiga,Север (тайга),2005,12,2005-03-21,2005-03-27,4.6,-3.6
north_taiga,Север (тайга),2005,13,2005-03-28,2005-04-03,8.6,-3.6
north_taiga,Север (тайга),2005,14,2005-04-04,2005-04-10,6.8,-4.5
north_taiga,Север (тайга),2005,15,2005-04-11,2005-04-17,6.2,0.4
north_taiga,Север (тайга),2005,16,2005-04-18,2005-04-24,2.3,7.8
north_taiga,Север (тайга),2005,17,2005-04-25,2005-05-01,1.7,5.6
north_taiga,Север (тайга),2005,18,2005-05-02,2005-05-08,10.6,5.8
north_taiga,Север (тайга),2005,19,2005-05-09,2005-05-15,0.0,11.8
north_taiga,Север (тайга),2005,20,2005-05-16,2005-05-22,7.9,16.6
north_taiga,Север (тайга),2005,21,2005-05-23,2005-05-29,4.8,11.4
north_taiga,Север (тайга),2005,22,2005-05-30,2005-06-05,19.8,13.3
north_taiga,Север (тайга),2005,23,2005-06-06,2005-06-12,0.0,21.8
north_taiga,Север (тайга),2005,24,2005-06-13,2005-06-19,19.1,16.1
north_taiga,Север (тайга),2005,25,2005-06-20,2005-06-26,50.5,18.0
north_taiga,Север (тайга),2005,26,2005-06-27,2005-07-03,11.6,20.7
north_taiga,Север (тайга),2005,27,2005-07-04,2005-07-10,28.4,17.1
north_taiga,Север (тайга),2005,28,2005-07-11,2005-07-17,32.9,15.4
north_taiga,Север (тайга),2005,29,2005-07-18,2005-07-24,11.1,17.8
north_taiga,Север (тайга),2005,30,2005-07-25,2005-07-31,6.4,21.9
north_taiga,Север (тайга),2005,31,2005-08-01,2005-08-07,0.3,20.1
north_taiga,Север (тайга),2005,32,2005-08-08,2005-08-14,2.4,13.5
north_taiga,Север (тайга),2005,33,2005-08-15,2005-08-21,23.7,18.8
north_taiga,Север (тайга),2005,34,2005-08-22,2005-08-28,38.4,9.7
north_taiga,Север (тайга),2005,35,2005-08-29,2005-09-04,8.8,13.7
north_taiga,Север (тайга),2005,36,2005-09-05,2005-09-11,21.1,11.9
north_taiga,Север (тайга),2005,37,2005-09-12,2005-09-18,0.0,9.3
north_taiga,Север (тайга),2005,38,2005-09-19,2005-09-25,23.9,8.1
north_taiga,Север (тайга),2005,39,2005-09-26,2005-10-02,0.9,9.0
north_taiga,Север (тайга),2005,40,2005-10-03,2005-10-09,3.8,4.9
north_taiga,Север (тайга),2005,41,2005-10-10,2005-10-16,0.0,4.5
north_taiga,Север (тайга),2005,42,2005-10-17,2005-10-23,5.9,3.0
north_taiga,Север (тайга),2005,43,2005-10-24,2005-10-30,4.0,0.7
north_taiga,Север (тайга),2005,44,2005-10-31,2005-10-31,3.8,-1.7
north_taiga,Север (тайга),2006,9,2006-03-01,2006-03-05,2.4,-10.9
north_taiga,Север (тайга),2006,10,2006-03-06,2006-03-12,5.4,-6.3
north_taiga,Север (тайга),2006,11,2006-03-13,2006-03-19,1.7,-5.6
north_taiga,Север (тайга),2006,12,2006-03-20,2006-03-26,4.4,-1.2
north_taiga,Север (тайга),2006,13,2006-03-27,2006-04-02,12.4,-4.4
north_taiga,Север (тайга),2006,14,2006-04-03,2006-04-09,7.1,-9.1
north_taiga,Север (тайга),2006,15,2006-04-10,2006-04-16,4.3,-2.3
north_taiga,Север (тайга),2006,16,2006-04-17,2006-04-23,12.0,1.9
north_taiga,Север (тайга),2006,17,2006-04-24,2006-04-30,13.7,1.4
north_taiga,Север (тайга),2006,18,2006-05-01,2006-05-07,3.6,1.3
north_taiga,Север (тайга),2006,19,2006-05-08,2006-05-14,1.0,11.1
north_taiga,Север (тайга),2006,20,2006-05-15,2006-05-21,6.5,8.5
north_taiga,Север (тайга),2006,21,2006-05-22,2006-05-28,9.4,12.3
north_taiga,Север (тайга),2006,22,2006-05-29,2006-06-04,3.7,14.8
north_taiga,Север (тайга),2006,23,2006-06-05,2006-06-11,2.8,20.6
north_taiga,Север (тайга),2006,24,2006-06-12,2006-06-18,34.3,17.3
north_taiga,Север (тайга),2006,25,2006-06-19,2006-06-25,48.4,20.8
north_taiga,Север (тайга),2006,26,2006-06-26,2006-07-02,17.0,22.0
north_taiga,Север (тайга),2006,27,2006-07-03,2006-07-09,37.4,15.4
north_taiga,Север (тайга),2006,28,2006-07-10,2006-07-16,3.7,19.6
north_taiga,Север (тайга),2006,29,2006-07-17,2006-07-23,17.9,21.4
north_taiga,Север (тайга),2006,30,2006-07-24,2006-07-30,22.3,13.3
north_taiga,Север (тайга),2006,31,2006-07-31,2006-08-06,16.0,12.8
north_taiga,Север (тайга),2006,32,2006-08-07,2006-08-13,9.0,14.0
north_taiga,Север (тайга),2006,33,2006-08-14,2006-08-20,32.0,12.4
north_taiga,Север (тайга),2006,34,2006-08-21,2006-08-27,3.8,13.6
north_taiga,Север (тайга),2006,35,2006-08-28,2006-09-03,12.5,12.7
north_taiga,Север (тайга),2006,36,2006-09-04,2006-09-10,0.0,14.4
north_taiga,Север (тайга),2006,37,2006-09-11,2006-09-17,24.3,11.7
north_taiga,Север (тайга),2006,38,2006-09-18,2006-09-24,30.5,6.9
north_taiga,Север (тайга),2006,39,2006-09-25,2006-10-01,9.3,4.9
north_taiga,Север (тайга),2006,40,2006-10-02,2006-10-08,23.1,1.0
north_taiga,Север (тайга),2006,41,2006-10-09,2006-10-15,26.6,-2.3
north_taiga,Север (тайга),2006,42,2006-10-16,2006-10-22,9.2,-2.2
north_taiga,Север (тайга),2006,43,2006-10-23,2006-10-29,20.3,2.7
north_taiga,Север (тайга),2006,44,2006-10-30,2006-10-31,1.8,4.1
north_taiga,Север (тайга),2007,9,2007-03-01,2007-03-04,0.0,-12.5
north_taiga,Север (тайга),2007,10,2007-03-05,2007-03-11,0.5,-9.0
north_taiga,Север (тайга),2007,11,2007-03-12,2007-03-18,1.6,-8.5
north_taiga,Север (тайга),2007,12,2007-03-19,2007-03-25,18.5,-0.4
north_taiga,Север (тайга),2007,13,2007-03-26,2007-04-01,13.5,-2.0
north_taiga,Север (тайга),2007,14,2007-04-02,2007-04-08,7.3,1.3
north_taiga,Север (тайга),2007,15,2007-04-09,2007-04-15,13.4,2.5
north_taiga,Север (тайга),2007,16,2007-04-16,2007-04-22,6.8,5.0
north_taiga,Север (тайга),2007,17,2007-04-23,2007-04-29,20.7,9.2
north_taiga,Север (тайга),2007,18,2007-04-30,2007-05-06,37.9,5.8
north_taiga,Север (тайга),2007,19,2007-05-07,2007-05-13,2.6,7.8
north_taiga,Север (тайга),2007,20,2007-05-14,2007-05-20,34.0,8.9
north_taiga,Север (тайга),2007,21,2007-05-21,2007-05-27,37.4,9.7
north_taiga,Север (тайга),2007,22,2007-05-28,2007-06-03,16.2,8.9
north_taiga,Север (тайга),2007,23,2007-06-04,2007-06-10,27.5,9.1
north_taiga,Север (тайга),2007,24,2007-06-11,2007-06-17,22.5,12.6
north_taiga,Север (тайга),2007,25,2007-06-18,2007-06-24,22.4,19.2
north_taiga,Север (тайга),2007,26,2007-06-25,2007-07-01,12.4,18.0
north_taiga,Север (тайга),2007,27,2007-07-02,2007-07-08,25.6,21.4
north_taiga,Север (тайга),2007,28,2007-07-09,2007-07-15,12.3,22.4
north_taiga,Север (тайга),2007,29,2007-07-16,2007-07-22,16.1,20.0
north_taiga,Север (тайга),2007,30,2007-07-23,2007-07-29,11.1,15.6
north_taiga,Север (тайга),2007,31,2007-07-30,2007-08-05,13.6,19.2
north_taiga,Север (тайга),2007,32,2007-08-06,2007-08-12,39.7,13.9
north_taiga,Север (тайга),2007,33,2007-08-13,2007-08-19,6.9,11.6
north_taiga,Север (тайга),2007,34,2007-08-20,2007-08-26,24.3,15.4
north_taiga,Север (тайга),2007,35,2007-08-27,2007-09-02,5.8,19.7
north_taiga,Север (тайга),2007,36,2007-09-03,2007-09-09,29.9,12.7
north_taiga,Север (тайга),2007,37,2007-09-10,2007-09-16,7.6,11.3
north_taiga,Север (тайга),2007,38,2007-09-17,2007-09-23,0.1,8.0
north_taiga,Север (тайга),2007,39,2007-09-24,2007-09-30,4.1,7.7
north_taiga,Север (тайга),2007,40,2007-10-01,2007-10-07,2.9,5.8
north_taiga,Север (тайга),2007,41,2007-10-08,2007-10-14,2.8,4.9
north_taiga,Север (тайга),2007,42,2007-10-15,2007-10-21,6.7,4.4
north_taiga,Север (тайга),2007,43,2007-10-22,2007-10-28,9.1,-0.3
north_taiga,Север (тайга),2007,44,2007-10-29,2007-10-31,0.0,1.6
north_taiga,Север (тайга),2008,9,2008-03-01,2008-03-02,1.0,-0.4
north_taiga,Север (тайга),2008,10,2008-03-03,2008-03-09,8.7,-3.5
north_taiga,Север (тайга),2008,11,2008-03-10,2008-03-16,0.6,-9.3
north_taiga,Север (тайга),2008,12,2008-03-17,2008-03-23,24.7,-3.5
north_taiga,Север (тайга),2008,13,2008-03-24,2008-03-30,0.0,0.7
north_taiga,Север (тайга),2008,14,2008-03-31,2008-04-06,0.3,-1.8
north_taiga,Север (тайга),2008,15,2008-04-07,2008-04-13,4.5,2.9
north_taiga,Север (тайга),2008,16,2008-04-14,2008-04-20,1.4,-3.9
north_taiga,Север (тайга),2008,17,2008-04-21,2008-04-27,15.0,6.5
north_taiga,Север (тайга),2008,18,2008-04-28,2008-05-04,5.8,1.0
north_taiga,Север (тайга),2008,19,2008-05-05,2008-05-11,11.1,9.4
north_taiga,Север (тайга),2008,20,2008-05-12,2008-05-18,0.4,14.7
north_taiga,Север (тайга),2008,21,2008-05-19,2008-05-25,17.2,8.4
north_taiga,Север (тайга),2008,22,2008-05-26,2008-06-01,28.6,11.8
north_taiga,Север (тайга),2008,23,2008-06-02,2008-06-08,31.5,12.8
north_taiga,Север (тайга),2008,24,2008-06-09,2008-06-15,16.9,12.3
north_taiga,Север (тайга),2008,25,2008-06-16,2008-06-22,2.4,18.0
north_taiga,Север (тайга),2008,26,2008-06-23,2008-06-29,1.2,18.1
north_taiga,Север (тайга),2008,27,2008-06-30,2008-07-06,33.2,16.0
north_taiga,Север (тайга),2008,28,2008-07-07,2008-07-13,13.9,20.5
north_taiga,Север (тайга),2008,29,2008-07-14,2008-07-20,3.5,21.8
north_taiga,Север (тайга),2008,30,2008-07-21,2008-07-27,1.8,20.2
north_taiga,Север (тайга),2008,31,2008-07-28,2008-08-03,20.1,18.2
north_taiga,Север (тайга),2008,32,2008-08-04,2008-08-10,19.6,15.3
north_taiga,Север (тайга),2008,33,2008-08-11,2008-08-17,9.2,16.8
north_taiga,Север (тайга),2008,34,2008-08-18,2008-08-24,10.5,12.9
north_taiga,Север (тайга),2008,35,2008-08-25,2008-08-31,1.0,16.1
north_taiga,Север (тайга),2008,36,2008-09-01,2008-09-07,2.8,12.3
north_taiga,Север (тайга),2008,37,2008-09-08,2008-09-14,24.7,9.4
north_taiga,Север (тайга),2008,38,2008-09-15,2008-09-21,7.6,5.1
north_taiga,Север (тайга),2008,39,2008-09-22,2008-09-28,16.3,6.1
north_taiga,Север (тайга),2008,40,2008-09-29,2008-10-05,0.7,6.5
north_taiga,Север (тайга),2008,41,2008-10-06,2008-10-12,14.3,6.4
north_taiga,Север (тайга),2008,42,2008-10-13,2008-10-19,20.6,0.9
north_taiga,Север (тайга),2008,43,2008-10-20,2008-10-26,0.2,2.1
north_taiga,Север (тайга),2008,44,2008-10-27,2008-10-31,0.4,3.1
north_taiga,Север (тайга),2009,9,2009-03-01,2009-03-01,0.0,-12.3
north_taiga,Север (тайга),2009,10,2009-03-02,2009-03-08,0.0,-8.3
north_taiga,Север (тайга),2009,11,2009-03-09,2009-03-15,8.9,-5.3
north_taiga,Север (тайга),2009,12,2009-03-16,2009-03-22,0.7,-9.4
north_taiga,Север (тайга),2009,13,2009-03-23,2009-03-29,0.9,-0.3
north_taiga,Север (тайга),2009,14,2009-03-30,2009-04-05,7.5,4.1
north_taiga,Север (тайга),2009,15,2009-04-06,2009-04-12,13.9,-3.2
north_taiga,Север (тайга),2009,16,2009-04-13,2009-04-19,8.5,0.8
north_taiga,Север (тайга),2009,17,2009-04-20,2009-04-26,10.3,6.2
north_taiga,Север (тайга),2009,18,2009-04-27,2009-05-03,22.8,2.9
north_taiga,Север (тайга),2009,19,2009-05-04,2009-05-10,0.0,8.9
north_taiga,Север (тайга),2009,20,2009-05-11,2009-05-17,11.0,13.9
north_taiga,Север (тайга),2009,21,2009-05-18,2009-05-24,2.8,5.6
north_taiga,Север (тайга),2009,22,2009-05-25,2009-05-31,1.7,14.0
north_taiga,Север (тайга),2009,23,2009-06-01,2009-06-07,2.6,15.7
north_taiga,Север (тайга),2009,24,2009-06-08,2009-06-14,0.0,17.5
north_taiga,Север (тайга),2009,25,2009-06-15,2009-06-21,18.6,14.0
north_taiga,Север (тайга),2009,26,2009-06-22,2009-06-28,33.1,11.2
north_taiga,Север (тайга),2009,27,2009-06-29,2009-07-05,44.1,12.4
north_taiga,Север (тайга),2009,28,2009-07-06,2009-07-12,62.9,20.3
north_taiga,Север (тайга),2009,29,2009-07-13,2009-07-19,28.4,19.9
north_taiga,Север (тайга),2009,30,2009-07-20,2009-07-26,12.6,15.6
north_taiga,Север (тайга),2009,31,2009-07-27,2009-08-02,9.4,15.8
north_taiga,Север (тайга),2009,32,2009-08-03,2009-08-09,37.4,16.7
north_taiga,Север (тайга),2009,33,2009-08-10,2009-08-16,24.7,12.9
north_taiga,Север (тайга),2009,34,2009-08-17,2009-08-23,1.3,17.9
north_taiga,Север (тайга),2009,35,2009-08-24,2009-08-30,7.5,17.2
north_taiga,Север (тайга),2009,36,2009-08-31,2009-09-06,1.8,10.8
north_taiga,Север (тайга),2009,37,2009-09-07,2009-09-13,1.2,14.2
north_taiga,Север (тайга),2009,38,2009-09-14,2009-09-20,6.8,8.6
north_taiga,Север (тайга),2009,39,2009-09-21,2009-09-27,13.9,8.7
north_taiga,Север (тайга),2009,40,2009-09-28,2009-10-04,11.7,10.6
north_taiga,Север (тайга),2009,41,2009-10-05,2009-10-11,17.2,6.1
north_taiga,Север (тайга),2009,42,2009-10-12,2009-10-18,14.3,2.8
north_taiga,Север (тайга),2009,43,2009-10-19,2009-10-25,8.8,0.7
north_taiga,Север (тайга),2009,44,2009-10-26,2009-10-31,0.0,-4.9
north_taiga,Север (тайга),2010,9,2010-03-01,2010-03-07,0.0,-13.4
north_taiga,Север (тайга),2010,10,2010-03-08,2010-03-14,6.1,-7.4
north_taiga,Север (тайга),2010,11,2010-03-15,2010-03-21,1.7,-6.7
north_taiga,Север (тайга),2010,12,2010-03-22,2010-03-28,17.5,-5.6
north_taiga,Север (тайга),2010,13,2010-03-29,2010-04-04,1.9,-0.6
north_taiga,Север (тайга),2010,14,2010-04-05,2010-04-11,2.5,-4.7
north_taiga,Север (тайга),2010,15,2010-04-12,2010-04-18,1.3,1.3
north_taiga,Север (тайга),2010,16,2010-04-19,2010-04-25,2.7,7.7
north_taiga,Север (тайга),2010,17,2010-04-26,2010-05-02,19.5,8.5
north_taiga,Север (тайга),2010,18,2010-05-03,2010-05-09,5.7,7.4
north_taiga,Север (тайга),2010,19,2010-05-10,2010-05-16,7.2,9.1
north_taiga,Север (тайга),2010,20,2010-05-17,2010-05-23,4.3,4.3
north_taiga,Север (тайга),2010,21,2010-05-24,2010-05-30,16.7,11.9
north_taiga,Север (тайга),2010,22,2010-05-31,2010-06-06,17.6,12.9
north_taiga,Север (тайга),2010,23,2010-06-07,2010-06-13,20.1,13.8
north_taiga,Север (тайга),2010,24,2010-06-14,2010-06-20,4.5,18.3
north_taiga,Север (тайга),2010,25,2010-06-21,2010-06-27,2.5,14.8
north_taiga,Север (тайга),2010,26,2010-06-28,2010-07-04,8.4,16.7
north_taiga,Север (тайга),2010,27,2010-07-05,2010-07-11,42.9,12.9
north_taiga,Север (тайга),2010,28,2010-07-12,2010-07-18,1.6,19.9
north_taiga,Север (тайга),2010,29,2010-07-19,2010-07-25,3.0,17.5
north_taiga,Север (тайга),2010,30,2010-07-26,2010-08-01,2.7,15.3
north_taiga,Север (тайга),2010,31,2010-08-02,2010-08-08,2.2,20.9
north_taiga,Север (тайга),2010,32,2010-08-09,2010-08-15,21.0,15.2
north_taiga,Север (тайга),2010,33,2010-08-16,2010-08-22,11.0,15.8
north_taiga,Север (тайга),2010,34,2010-08-23,2010-08-29,12.4,15.0
north_taiga,Север (тайга),2010,35,2010-08-30,2010-09-05,1.9,14.8
north_taiga,Север (тайга),2010,36,2010-09-06,2010-09-12,44.2,6.3
north_taiga,Север (тайга),2010,37,2010-09-13,2010-09-19,12.7,5.6
north_taiga,Север (тайга),2010,38,2010-09-20,2010-09-26,2.3,11.8
north_taiga,Север (тайга),2010,39,2010-09-27,2010-10-03,10.4,6.6
north_taiga,Север (тайга),2010,40,2010-10-04,2010-10-10,5.9,4.3
north_taiga,Север (тайга),2010,41,2010-10-11,2010-10-17,4.1,5.4
north_taiga,Север (тайга),2010,42,2010-10-18,2010-10-24,2.0,1.3
north_taiga,Север (тайга),2010,43,2010-10-25,2010-10-31,0.0,1.9
north_taiga,Север (тайга),2011,9,2011-03-01,2011-03-06,0.1,-13.1
north_taiga,Север (тайга),2011,10,2011-03-07,2011-03-13,13.8,-7.3
north_taiga,Север (тайга),2011,11,2011-03-14,2011-03-20,6.5,-5.7
north_taiga,Север (тайга),2011,12,2011-03-21,2011-03-27,10.3,-3.2
north_taiga,Север (тайга),2011,13,2011-03-28,2011-04-03,6.2,-4.3
north_taiga,Север (тайга),2011,14,2011-04-04,2011-04-10,4.8,1.9
north_taiga,Север (тайга),2011,15,2011-04-11,2011-04-17,1.1,5.6
north_taiga,Север (тайга),2011,16,2011-04-18,2011-04-24,41.9,6.8
north_taiga,Север (тайга),2011,17,2011-04-25,2011-05-01,6.3,5.8
north_taiga,Север (тайга),2011,18,2011-05-02,2011-05-08,0.3,6.7
north_taiga,Север (тайга),2011,19,2011-05-09,2011-05-15,3.1,8.1
north_taiga,Север (тайга),2011,20,2011-05-16,2011-05-22,7.7,10.9
north_taiga,Север (тайга),2011,21,2011-05-23,2011-05-29,5.5,10.3
north_taiga,Север (тайга),2011,22,2011-05-30,2011-06-05,20.6,18.0
north_taiga,Север (тайга),2011,23,2011-06-06,2011-06-12,28.0,20.5
north_taiga,Север (тайга),2011,24,2011-06-13,2011-06-19,19.1,15.3
north_taiga,Север (тайга),2011,25,2011-06-20,2011-06-26,23.8,17.3
north_taiga,Север (тайга),2011,26,2011-06-27,2011-07-03,3.3,17.9
north_taiga,Север (тайга),2011,27,2011-07-04,2011-07-10,33.9,16.7
north_taiga,Север (тайга),2011,28,2011-07-11,2011-07-17,16.5,14.9
north_taiga,Север (тайга),2011,29,2011-07-18,2011-07-24,9.6,16.9
north_taiga,Север (тайга),2011,30,2011-07-25,2011-07-31,10.9,15.6
north_taiga,Север (тайга),2011,31,2011-08-01,2011-08-07,13.2,13.6
north_taiga,Север (тайга),2011,32,2011-08-08,2011-08-14,2.0,19.5
north_taiga,Север (тайга),2011,33,2011-08-15,2011-08-21,11.0,13.8
north_taiga,Север (тайга),2011,34,2011-08-22,2011-08-28,29.3,9.0
north_taiga,Север (тайга),2011,35,2011-08-29,2011-09-04,19.9,10.9
north_taiga,Север (тайга),2011,36,2011-09-05,2011-09-11,0.2,12.0
north_taiga,Север (тайга),2011,37,2011-09-12,2011-09-18,0.0,11.9
north_taiga,Север (тайга),2011,38,2011-09-19,2011-09-25,1.7,11.9
north_taiga,Север (тайга),2011,39,2011-09-26,2011-10-02,6.4,10.3
north_taiga,Север (тайга),2011,40,2011-10-03,2011-10-09,18.4,7.4
north_taiga,Север (тайга),2011,41,2011-10-10,2011-10-16,0.0,9.7
north_taiga,Север (тайга),2011,42,2011-10-17,2011-10-23,1.4,3.6
north_taiga,Север (тайга),2011,43,2011-10-24,2011-10-30,4.7,-1.1
north_taiga,Север (тайга),2011,44,2011-10-31,2011-10-31,0.0,-8.4
north_taiga,Север (тайга),2012,9,2012-03-01,2012-03-04,0.6,-10.8
north_taiga,Север (тайга),2012,10,2012-03-05,2012-03-11,0.0,-5.1
north_taiga,Север (тайга),2012,11,2012-03-12,2012-03-18,6.1,-6.1
north_taiga,Север (тайга),2012,12,2012-03-19,2012-03-25,14.3,-3.6
north_taiga,Север (тайга),2012,13,2012-03-26,2012-04-01,7.4,-2.1
north_taiga,Север (тайга),2012,14,2012-04-02,2012-04-08,17.2,2.1
north_taiga,Север (тайга),2012,15,2012-04-09,2012-04-15,6.0,5.9
north_taiga,Север (тайга),2012,16,2012-04-16,2012-04-22,3.0,7.1
north_taiga,Север (тайга),2012,17,2012-04-23,2012-04-29,16.0,5.4
north_taiga,Север (тайга),2012,18,2012-04-30,2012-05-06,27.0,3.7
north_taiga,Север (тайга),2012,19,2012-05-07,2012-05-13,5.7,8.2
north_taiga,Север (тайга),2012,20,2012-05-14,2012-05-20,3.7,9.8
north_taiga,Север (тайга),2012,21,2012-05-21,2012-05-27,23.7,10.8
north_taiga,Север (тайга),2012,22,2012-05-28,2012-06-03,0.0,20.1
north_taiga,Север (тайга),2012,23,2012-06-04,2012-06-10,28.0,19.6
north_taiga,Север (тайга),2012,24,2012-06-11,2012-06-17,42.7,19.3
north_taiga,Север (тайга),2012,25,2012-06-18,2012-06-24,1.5,21.7
north_taiga,Север (тайга),2012,26,2012-06-25,2012-07-01,15.9,19.4
north_taiga,Север (тайга),2012,27,2012-07-02,2012-07-08,25.0,20.4
north_taiga,Север (тайга),2012,28,2012-07-09,2012-07-15,3.6,19.5
north_taiga,Север (тайга),2012,29,2012-07-16,2012-07-22,9.2,25.2
north_taiga,Север (тайга),2012,30,2012-07-23,2012-07-29,19.9,20.1
north_taiga,Север (тайга),2012,31,2012-07-30,2012-08-05,3.7,19.1
north_taiga,Север (тайга),2012,32,2012-08-06,2012-08-12,7.0,18.6
north_taiga,Север (тайга),2012,33,2012-08-13,2012-08-19,7.0,13.8
north_taiga,Север (тайга),2012,34,2012-08-20,2012-08-26,13.0,13.8
north_taiga,Север (тайга),2012,35,2012-08-27,2012-09-02,4.1,15.9
north_taiga,Север (тайга),2012,36,2012-09-03,2012-09-09,14.0,12.2
north_taiga,Север (тайга),2012,37,2012-09-10,2012-09-16,16.4,12.7
north_taiga,Север (тайга),2012,38,2012-09-17,2012-09-23,28.9,9.3
north_taiga,Север (тайга),2012,39,2012-09-24,2012-09-30,2.2,8.3
north_taiga,Север (тайга),2012,40,2012-10-01,2012-10-07,17.5,6.1
north_taiga,Север (тайга),2012,41,2012-10-08,2012-10-14,5.3,5.8
north_taiga,Север (тайга),2012,42,2012-10-15,2012-10-21,13.6,3.3
north_taiga,Север (тайга),2012,43,2012-10-22,2012-10-28,3.8,-2.1
north_taiga,Север (тайга),2012,44,2012-10-29,2012-10-31,1.8,1.1
north_taiga,Север (тайга),2013,9,2013-03-01,2013-03-03,9.9,-13.6
north_taiga,Север (тайга),2013,10,2013-03-04,2013-03-10,6.9,-15.2
north_taiga,Север (тайга),2013,11,2013-03-11,2013-03-17,10.7,-8.4
north_taiga,Север (тайга),2013,12,2013-03-18,2013-03-24,3.2,-8.8
north_taiga,Север (тайга),2013,13,2013-03-25,2013-03-31,19.7,-5.1
north_taiga,Север (тайга),2013,14,2013-04-01,2013-04-07,2.4,-0.9
north_taiga,Север (тайга),2013,15,2013-04-08,2013-04-14,0.6,1.8
north_taiga,Север (тайга),2013,16,2013-04-15,2013-04-21,4.0,1.1
north_taiga,Север (тайга),2013,17,2013-04-22,2013-04-28,17.1,5.9
north_taiga,Север (тайга),2013,18,2013-04-29,2013-05-05,31.1,4.5
north_taiga,Север (тайга),2013,19,2013-05-06,2013-05-12,28.6,5.7
north_taiga,Север (тайга),2013,20,2013-05-13,2013-05-19,27.6,5.7
north_taiga,Север (тайга),2013,21,2013-05-20,2013-05-26,7.4,7.9
north_taiga,Север (тайга),2013,22,2013-05-27,2013-06-02,11.2,8.6
north_taiga,Север (тайга),2013,23,2013-06-03,2013-06-09,25.3,11.6
north_taiga,Север (тайга),2013,24,2013-06-10,2013-06-16,11.8,13.9
north_taiga,Север (тайга),2013,25,2013-06-17,2013-06-23,7.3,16.9
north_taiga,Север (тайга),2013,26,2013-06-24,2013-06-30,5.9,14.9
north_taiga,Север (тайга),2013,27,2013-07-01,2013-07-07,4.5,16.7
north_taiga,Север (тайга),2013,28,2013-07-08,2013-07-14,9.6,17.9
north_taiga,Север (тайга),2013,29,2013-07-15,2013-07-21,39.8,19.6
north_taiga,Север (тайга),2013,30,2013-07-22,2013-07-28,2.5,21.5
north_taiga,Север (тайга),2013,31,2013-07-29,2013-08-04,11.9,19.7
north_taiga,Север (тайга),2013,32,2013-08-05,2013-08-11,4.1,19.1
north_taiga,Север (тайга),2013,33,2013-08-12,2013-08-18,7.1,17.6
north_taiga,Север (тайга),2013,34,2013-08-19,2013-08-25,12.3,15.0
north_taiga,Север (тайга),2013,35,2013-08-26,2013-09-01,4.1,12.7
north_taiga,Север (тайга),2013,36,2013-09-02,2013-09-08,1.5,14.4
north_taiga,Север (тайга),2013,37,2013-09-09,2013-09-15,8.6,10.2
north_taiga,Север (тайга),2013,38,2013-09-16,2013-09-22,1.6,4.6
north_taiga,Север (тайга),2013,39,2013-09-23,2013-09-29,8.6,7.2
north_taiga,Север (тайга),2013,40,2013-09-30,2013-10-06,12.7,3.0
north_taiga,Север (тайга),2013,41,2013-10-07,2013-10-13,14.7,0.3
north_taiga,Север (тайга),2013,42,2013-10-14,2013-10-20,14.8,0.6
north_taiga,Север (тайга),2013,43,2013-10-21,2013-10-27,7.2,-1.6
north_taiga,Север (тайга),2013,44,2013-10-28,2013-10-31,2.1,4.4
north_taiga,Север (тайга),2014,9,2014-03-01,2014-03-02,0.0,-7.0
north_taiga,Север (тайга),2014,10,2014-03-03,2014-03-09,0.0,-8.9
north_taiga,Север (тайга),2014,11,2014-03-10,2014-03-16,15.5,-0.8
north_taiga,Север (тайга),2014,12,2014-03-17,2014-03-23,17.6,-0.1
north_taiga,Север (тайга),2014,13,2014-03-24,2014-03-30,24.0,-0.9
north_taiga,Север (тайга),2014,14,2014-03-31,2014-04-06,6.3,0.9
north_taiga,Север (тайга),2014,15,2014-04-07,2014-04-13,20.5,-1.7
north_taiga,Север (тайга),2014,16,2014-04-14,2014-04-20,2.1,5.2
north_taiga,Север (тайга),2014,17,2014-04-21,2014-04-27,6.5,3.1
north_taiga,Север (тайга),2014,18,2014-04-28,2014-05-04,1.5,9.1
north_taiga,Север (тайга),2014,19,2014-05-05,2014-05-11,0.6,7.7
north_taiga,Север (тайга),2014,20,2014-05-12,2014-05-18,0.4,13.9
north_taiga,Север (тайга),2014,21,2014-05-19,2014-05-25,33.5,7.9
north_taiga,Север (тайга),2014,22,2014-05-26,2014-06-01,8.1,5.2
north_taiga,Север (тайга),2014,23,2014-06-02,2014-06-08,12.2,8.9
north_taiga,Север (тайга),2014,24,2014-06-09,2014-06-15,5.6,14.2
north_taiga,Север (тайга),2014,25,2014-06-16,2014-06-22,17.4,17.2
north_taiga,Север (тайга),2014,26,2014-06-23,2014-06-29,12.8,20.3
north_taiga,Север (тайга),2014,27,2014-06-30,2014-07-06,41.3,18.9
north_taiga,Север (тайга),2014,28,2014-07-07,2014-07-13,32.3,16.3
north_taiga,Север (тайга),2014,29,2014-07-14,2014-07-20,19.7,12.7
north_taiga,Север (тайга),2014,30,2014-07-21,2014-07-27,50.4,14.0
north_taiga,Север (тайга),2014,31,2014-07-28,2014-08-03,5.1,15.7
north_taiga,Север (тайга),2014,32,2014-08-04,2014-08-10,4.4,18.0
north_taiga,Север (тайга),2014,33,2014-08-11,2014-08-17,31.9,17.0
north_taiga,Север (тайга),2014,34,2014-08-18,2014-08-24,22.1,19.3
north_taiga,Север (тайга),2014,35,2014-08-25,2014-08-31,12.1,13.7
north_taiga,Север (тайга),2014,36,2014-09-01,2014-09-07,13.5,10.0
north_taiga,Север (тайга),2014,37,2014-09-08,2014-09-14,22.8,7.7
north_taiga,Север (тайга),2014,38,2014-09-15,2014-09-21,20.3,4.9
north_taiga,Север (тайга),2014,39,2014-09-22,2014-09-28,0.5,6.4
north_taiga,Север (тайга),2014,40,2014-09-29,2014-10-05,39.1,4.1
north_taiga,Север (тайга),2014,41,2014-10-06,2014-10-12,11.6,-0.6
north_taiga,Север (тайга),2014,42,2014-10-13,2014-10-19,8.8,-3.5
north_taiga,Север (тайга),2014,43,2014-10-20,2014-10-26,18.7,-8.9
north_taiga,Север (тайга),2014,44,2014-10-27,2014-10-31,10.3,-4.8
north_taiga,Север (тайга),2015,9,2015-03-01,2015-03-01,0.0,-4.4
north_taiga,Север (тайга),2015,10,2015-03-02,2015-03-08,0.0,-9.7
north_taiga,Север (тайга),2015,11,2015-03-09,2015-03-15,6.8,-5.3
north_taiga,Север (тайга),2015,12,2015-03-16,2015-03-22,0.6,-1.3
north_taiga,Север (тайга),2015,13,2015-03-23,2015-03-29,13.7,-6.8
north_taiga,Север (тайга),2015,14,2015-03-30,2015-04-05,0.0,-1.3
north_taiga,Север (тайга),2015,15,2015-04-06,2015-04-12,4.9,2.5
north_taiga,Север (тайга),2015,16,2015-04-13,2015-04-19,7.2,3.0
north_taiga,Север (тайга),2015,17,2015-04-20,2015-04-26,8.0,6.4
north_taiga,Север (тайга),2015,18,2015-04-27,2015-05-03,17.0,6.8
north_taiga,Север (тайга),2015,19,2015-05-04,2015-05-10,15.4,10.0
north_taiga,Север (тайга),2015,20,2015-05-11,2015-05-17,0.7,12.8
north_taiga,Север (тайга),2015,21,2015-05-18,2015-05-24,27.7,10.3
north_taiga,Север (тайга),2015,22,2015-05-25,2015-05-31,2.9,12.1
north_taiga,Север (тайга),2015,23,2015-06-01,2015-06-07,13.3,21.1
north_taiga,Север (тайга),2015,24,2015-06-08,2015-06-14,61.4,13.9
north_taiga,Север (тайга),2015,25,2015-06-15,2015-06-21,12.1,19.1
north_taiga,Север (тайга),2015,26,2015-06-22,2015-06-28,3.9,19.2
north_taiga,Север (тайга),2015,27,2015-06-29,2015-07-05,9.5,18.9
north_taiga,Север (тайга),2015,28,2015-07-06,2015-07-12,34.8,13.0
north_taiga,Север (тайга),2015,29,2015-07-13,2015-07-19,15.0,19.4
north_taiga,Север (тайга),2015,30,2015-07-20,2015-07-26,5.0,17.4
north_taiga,Север (тайга),2015,31,2015-07-27,2015-08-02,43.9,16.9
north_taiga,Север (тайга),2015,32,2015-08-03,2015-08-09,25.4,13.6
north_taiga,Север (тайга),2015,33,2015-08-10,2015-08-16,19.3,14.1
north_taiga,Север (тайга),2015,34,2015-08-17,2015-08-23,22.0,13.7
north_taiga,Север (тайга),2015,35,2015-08-24,2015-08-30,27.2,8.9
north_taiga,Север (тайга),2015,36,2015-08-31,2015-09-06,14.1,11.6
north_taiga,Север (тайга),2015,37,2015-09-07,2015-09-13,10.6,12.2
north_taiga,Север (тайга),2015,38,2015-09-14,2015-09-20,5.9,5.6
north_taiga,Север (тайга),2015,39,2015-09-21,2015-09-27,6.6,4.2
north_taiga,Север (тайга),2015,40,2015-09-28,2015-10-04,10.9,7.0
north_taiga,Север (тайга),2015,41,2015-10-05,2015-10-11,3.5,4.6
north_taiga,Север (тайга),2015,42,2015-10-12,2015-10-18,15.3,-2.5
north_taiga,Север (тайга),2015,43,2015-10-19,2015-10-25,1.4,-4.2
north_taiga,Север (тайга),2015,44,2015-10-26,2015-10-31,16.9,-1.0
north_taiga,Север (тайга),2016,9,2016-03-01,2016-03-06,4.3,-7.0
north_taiga,Север (тайга),2016,10,2016-03-07,2016-03-13,3.2,-6.6
north_taiga,Север (тайга),2016,11,2016-03-14,2016-03-20,19.0,-7.0
north_taiga,Север (тайга),2016,12,2016-03-21,2016-03-27,14.4,-1.4
north_taiga,Север (тайга),2016,13,2016-03-28,2016-04-03,0.3,1.5
north_taiga,Север (тайга),2016,14,2016-04-04,2016-04-10,6.1,2.1
north_taiga,Север (тайга),2016,15,2016-04-11,2016-04-17,4.7,3.9
north_taiga,Север (тайга),2016,16,2016-04-18,2016-04-24,21.3,11.2
north_taiga,Север (тайга),2016,17,2016-04-25,2016-05-01,5.6,6.1
north_taiga,Север (тайга),2016,18,2016-05-02,2016-05-08,0.4,4.8
north_taiga,Север (тайга),2016,19,2016-05-09,2016-05-15,12.1,6.0
north_taiga,Север (тайга),2016,20,2016-05-16,2016-05-22,0.4,13.6
north_taiga,Север (тайга),2016,21,2016-05-23,2016-05-29,2.0,17.0
north_taiga,Север (тайга),2016,22,2016-05-30,2016-06-05,19.5,9.6
north_taiga,Север (тайга),2016,23,2016-06-06,2016-06-12,7.9,20.0
north_taiga,Север (тайга),2016,24,2016-06-13,2016-06-19,14.9,17.4
north_taiga,Север (тайга),2016,25,2016-06-20,2016-06-26,12.5,20.5
north_taiga,Север (тайга),2016,26,2016-06-27,2016-07-03,44.1,16.5
north_taiga,Север (тайга),2016,27,2016-07-04,2016-07-10,17.2,19.5
north_taiga,Север (тайга),2016,28,2016-07-11,2016-07-17,17.1,20.4
north_taiga,Север (тайга),2016,29,2016-07-18,2016-07-24,1.4,21.3
north_taiga,Север (тайга),2016,30,2016-07-25,2016-07-31,6.2,17.9
north_taiga,Север (тайга),2016,31,2016-08-01,2016-08-07,4.0,19.4
north_taiga,Север (тайга),2016,32,2016-08-08,2016-08-14,18.6,20.5
north_taiga,Север (тайга),2016,33,2016-08-15,2016-08-21,1.3,19.7
north_taiga,Север (тайга),2016,34,2016-08-22,2016-08-28,14.6,18.9
north_taiga,Север (тайга),2016,35,2016-08-29,2016-09-04,12.1,15.1
north_taiga,Север (тайга),2016,36,2016-09-05,2016-09-11,33.3,14.0
north_taiga,Север (тайга),2016,37,2016-09-12,2016-09-18,8.6,12.6
north_taiga,Север (тайга),2016,38,2016-09-19,2016-09-25,4.6,10.8
north_taiga,Север (тайга),2016,39,2016-09-26,2016-10-02,0.0,6.4
north_taiga,Север (тайга),2016,40,2016-10-03,2016-10-09,0.1,1.2
north_taiga,Север (тайга),2016,41,2016-10-10,2016-10-16,4.5,-1.8
north_taiga,Север (тайга),2016,42,2016-10-17,2016-10-23,0.0,-3.5
north_taiga,Север (тайга),2016,43,2016-10-24,2016-10-30,4.3,-2.4
north_taiga,Север (тайга),2016,44,2016-10-31,2016-10-31,0.3,-3.3
north_taiga,Север (тайга),2017,9,2017-03-01,2017-03-05,0.0,-5.0
north_taiga,Север (тайга),2017,10,2017-03-06,2017-03-12,1.7,-7.0
north_taiga,Север (тайга),2017,11,2017-03-13,2017-03-19,0.9,-6.0
north_taiga,Север (тайга),2017,12,2017-03-20,2017-03-26,0.0,-3.7
north_taiga,Север (тайга),2017,13,2017-03-27,2017-04-02,28.9,-1.1
north_taiga,Север (тайга),2017,14,2017-04-03,2017-04-09,9.5,-0.8
north_taiga,Север (тайга),2017,15,2017-04-10,2017-04-16,8.5,4.2
north_taiga,Север (тайга),2017,16,2017-04-17,2017-04-23,8.2,3.3
north_taiga,Север (тайга),2017,17,2017-04-24,2017-04-30,9.6,7.6
north_taiga,Север (тайга),2017,18,2017-05-01,2017-05-07,15.4,6.1
north_taiga,Север (тайга),2017,19,2017-05-08,2017-05-14,7.4,9.5
north_taiga,Север (тайга),2017,20,2017-05-15,2017-05-21,9.9,7.7
north_taiga,Север (тайга),2017,21,2017-05-22,2017-05-28,26.7,11.5
north_taiga,Север (тайга),2017,22,2017-05-29,2017-06-04,14.4,11.7
north_taiga,Север (тайга),2017,23,2017-06-05,2017-06-11,27.2,13.2
north_taiga,Север (тайга),2017,24,2017-06-12,2017-06-18,2.4,20.6
north_taiga,Север (тайга),2017,25,2017-06-19,2017-06-25,3.4,20.3
north_taiga,Север (тайга),2017,26,2017-06-26,2017-07-02,8.6,18.2
north_taiga,Север (тайга),2017,27,2017-07-03,2017-07-09,29.8,14.8
north_taiga,Север (тайга),2017,28,2017-07-10,2017-07-16,1.9,16.0
north_taiga,Север (тайга),2017,29,2017-07-17,2017-07-23,16.9,18.2
north_taiga,Север (тайга),2017,30,2017-07-24,2017-07-30,76.0,18.5
north_taiga,Север (тайга),2017,31,2017-07-31,2017-08-06,19.6,20.2
north_taiga,Север (тайга),2017,32,2017-08-07,2017-08-13,6.7,12.2
north_taiga,Север (тайга),2017,33,2017-08-14,2017-08-20,3.2,14.8
north_taiga,Север (тайга),2017,34,2017-08-21,2017-08-27,1.1,20.2
north_taiga,Север (тайга),2017,35,2017-08-28,2017-09-03,6.0,16.3
north_taiga,Север (тайга),2017,36,2017-09-04,2017-09-10,19.6,8.7
north_taiga,Север (тайга),2017,37,2017-09-11,2017-09-17,5.6,9.8
north_taiga,Север (тайга),2017,38,2017-09-18,2017-09-24,6.3,5.8
north_taiga,Север (тайга),2017,39,2017-09-25,2017-10-01,4.8,2.1
north_taiga,Север (тайга),2017,40,2017-10-02,2017-10-08,3.3,-0.1
north_taiga,Север (тайга),2017,41,2017-10-09,2017-10-15,2.8,3.5
north_taiga,Север (тайга),2017,42,2017-10-16,2017-10-22,6.4,2.1
north_taiga,Север (тайга),2017,43,2017-10-23,2017-10-29,24.6,-2.6
north_taiga,Север (тайга),2017,44,2017-10-30,2017-10-31,0.9,-4.2
north_taiga,Север (тайга),2018,9,2018-03-01,2018-03-04,2.0,-14.0
north_taiga,Север (тайга),2018,10,2018-03-05,2018-03-11,4.3,-12.1
north_taiga,Север (тайга),2018,11,2018-03-12,2018-03-18,0.9,-8.9
north_taiga,Север (тайга),2018,12,2018-03-19,2018-03-25,24.1,-5.4
north_taiga,Север (тайга),2018,13,2018-03-26,2018-04-01,22.1,-4.4
north_taiga,Север (тайга),2018,14,2018-04-02,2018-04-08,5.9,-1.5
north_taiga,Север (тайга),2018,15,2018-04-09,2018-04-15,7.3,0.1
north_taiga,Север (тайга),2018,16,2018-04-16,2018-04-22,32.8,-1.2
north_taiga,Север (тайга),2018,17,2018-04-23,2018-04-29,1.7,5.3
north_taiga,Север (тайга),2018,18,2018-04-30,2018-05-06,4.6,3.5
north_taiga,Север (тайга),2018,19,2018-05-07,2018-05-13,30.4,4.6
north_taiga,Север (тайга),2018,20,2018-05-14,2018-05-20,7.6,3.0
north_taiga,Север (тайга),2018,21,2018-05-21,2018-05-27,7.6,7.9
north_taiga,Север (тайга),2018,22,2018-05-28,2018-06-03,49.7,7.1
north_taiga,Север (тайга),2018,23,2018-06-04,2018-06-10,11.1,14.4
north_taiga,Север (тайга),2018,24,2018-06-11,2018-06-17,13.1,14.6
north_taiga,Север (тайга),2018,25,2018-06-18,2018-06-24,50.8,14.4
north_taiga,Север (тайга),2018,26,2018-06-25,2018-07-01,16.6,19.3
north_taiga,Север (тайга),2018,27,2018-07-02,2018-07-08,0.4,19.4
north_taiga,Север (тайга),2018,28,2018-07-09,2018-07-15,1.4,21.8
north_taiga,Север (тайга),2018,29,2018-07-16,2018-07-22,1.2,19.5
north_taiga,Север (тайга),2018,30,2018-07-23,2018-07-29,6.5,19.0
north_taiga,Север (тайга),2018,31,2018-07-30,2018-08-05,3.4,14.0
north_taiga,Север (тайга),2018,32,2018-08-06,2018-08-12,73.6,16.6
north_taiga,Север (тайга),2018,33,2018-08-13,2018-08-19,5.5,17.0
north_taiga,Север (тайга),2018,34,2018-08-20,2018-08-26,60.6,13.4
north_taiga,Север (тайга),2018,35,2018-08-27,2018-09-02,7.1,11.5
north_taiga,Север (тайга),2018,36,2018-09-03,2018-09-09,22.9,10.6
north_taiga,Север (тайга),2018,37,2018-09-10,2018-09-16,6.9,9.6
north_taiga,Север (тайга),2018,38,2018-09-17,2018-09-23,10.2,9.9
north_taiga,Север (тайга),2018,39,2018-09-24,2018-09-30,11.4,11.7
north_taiga,Север (тайга),2018,40,2018-10-01,2018-10-07,0.4,9.8
north_taiga,Север (тайга),2018,41,2018-10-08,2018-10-14,16.4,4.2
north_taiga,Север (тайга),2018,42,2018-10-15,2018-10-21,19.6,0.0
north_taiga,Север (тайга),2018,43,2018-10-22,2018-10-28,16.0,2.6
north_taiga,Север (тайга),2018,44,2018-10-29,2018-10-31,2.4,-2.9
north_taiga,Север (тайга),2019,9,2019-03-01,2019-03-03,3.4,-7.1
north_taiga,Север (тайга),2019,10,2019-03-04,2019-03-10,7.1,-5.4
north_taiga,Север (тайга),2019,11,2019-03-11,2019-03-17,6.6,-1.6
north_taiga,Север (тайга),2019,12,2019-03-18,2019-03-24,0.0,-3.5
north_taiga,Север (тайга),2019,13,2019-03-25,2019-03-31,9.5,0.6
north_taiga,Север (тайга),2019,14,2019-04-01,2019-04-07,1.0,1.3
north_taiga,Север (тайга),2019,15,2019-04-08,2019-04-14,0.2,2.9
north_taiga,Север (тайга),2019,16,2019-04-15,2019-04-21,2.1,-1.4
north_taiga,Север (тайга),2019,17,2019-04-22,2019-04-28,22.1,1.8
north_taiga,Север (тайга),2019,18,2019-04-29,2019-05-05,5.9,5.6
north_taiga,Север (тайга),2019,19,2019-05-06,2019-05-12,0.0,14.1
north_taiga,Север (тайга),2019,20,2019-05-13,2019-05-19,9.0,5.1
north_taiga,Север (тайга),2019,21,2019-05-20,2019-05-26,23.5,7.1
north_taiga,Север (тайга),2019,22,2019-05-27,2019-06-02,8.6,14.0
north_taiga,Север (тайга),2019,23,2019-06-03,2019-06-09,43.7,13.6
north_taiga,Север (тайга),2019,24,2019-06-10,2019-06-16,9.7,13.2
north_taiga,Север (тайга),2019,25,2019-06-17,2019-06-23,23.6,13.0
north_taiga,Север (тайга),2019,26,2019-06-24,2019-06-30,19.3,15.4
north_taiga,Север (тайга),2019,27,2019-07-01,2019-07-07,41.0,17.9
north_taiga,Север (тайга),2019,28,2019-07-08,2019-07-14,14.0,20.0
north_taiga,Север (тайга),2019,29,2019-07-15,2019-07-21,9.0,22.0
north_taiga,Север (тайга),2019,30,2019-07-22,2019-07-28,12.2,19.1
north_taiga,Север (тайга),2019,31,2019-07-29,2019-08-04,16.1,18.9
north_taiga,Север (тайга),2019,32,2019-08-05,2019-08-11,10.5,17.0
north_taiga,Север (тайга),2019,33,2019-08-12,2019-08-18,1.1,18.7
north_taiga,Север (тайга),2019,34,2019-08-19,2019-08-25,6.1,15.5
north_taiga,Север (тайга),2019,35,2019-08-26,2019-09-01,52.6,11.6
north_taiga,Север (тайга),2019,36,2019-09-02,2019-09-08,1.1,11.8
north_taiga,Север (тайга),2019,37,2019-09-09,2019-09-15,10.7,11.0
north_taiga,Север (тайга),2019,38,2019-09-16,2019-09-22,30.3,12.3
north_taiga,Север (тайга),2019,39,2019-09-23,2019-09-29,21.5,4.1
north_taiga,Север (тайга),2019,40,2019-09-30,2019-10-06,3.9,8.2
north_taiga,Север (тайга),2019,41,2019-10-07,2019-10-13,0.9,9.2
north_taiga,Север (тайга),2019,42,2019-10-14,2019-10-20,14.6,1.2
north_taiga,Север (тайга),2019,43,2019-10-21,2019-10-27,21.5,0.9
north_taiga,Север (тайга),2019,44,2019-10-28,2019-10-31,18.4,-0.4
north_taiga,Север (тайга),2020,9,2020-03-01,2020-03-01,0.0,-0.1
north_taiga,Север (тайга),2020,10,2020-03-02,2020-03-08,3.9,-5.0
north_taiga,Север (тайга),2020,11,2020-03-09,2020-03-15,17.8,-0.4
north_taiga,Север (тайга),2020,12,2020-03-16,2020-03-22,31.8,-1.3
north_taiga,Север (тайга),2020,13,2020-03-23,2020-03-29,6.0,-2.9
north_taiga,Север (тайга),2020,14,2020-03-30,2020-04-05,2.7,2.4
north_taiga,Север (тайга),2020,15,2020-04-06,2020-04-12,12.5,2.3
north_taiga,Север (тайга),2020,16,2020-04-13,2020-04-19,7.6,8.2
north_taiga,Север (тайга),2020,17,2020-04-20,2020-04-26,11.1,10.0
north_taiga,Север (тайга),2020,18,2020-04-27,2020-05-03,15.9,10.3
north_taiga,Север (тайга),2020,19,2020-05-04,2020-05-10,1.1,14.2
north_taiga,Север (тайга),2020,20,2020-05-11,2020-05-17,20.9,19.4
north_taiga,Север (тайга),2020,21,2020-05-18,2020-05-24,17.7,16.1
north_taiga,Север (тайга),2020,22,2020-05-25,2020-05-31,16.2,15.6
north_taiga,Север (тайга),2020,23,2020-06-01,2020-06-07,20.9,12.1
north_taiga,Север (тайга),2020,24,2020-06-08,2020-06-14,2.3,19.6
north_taiga,Север (тайга),2020,25,2020-06-15,2020-06-21,9.3,12.5
north_taiga,Север (тайга),2020,26,2020-06-22,2020-06-28,27.3,12.6
north_taiga,Север (тайга),2020,27,2020-06-29,2020-07-05,23.7,16.8
north_taiga,Север (тайга),2020,28,2020-07-06,2020-07-12,10.7,21.6
north_taiga,Север (тайга),2020,29,2020-07-13,2020-07-19,0.4,24.1
north_taiga,Север (тайга),2020,30,2020-07-20,2020-07-26,0.2,17.4
north_taiga,Север (тайга),2020,31,2020-07-27,2020-08-02,6.2,17.2
north_taiga,Север (тайга),2020,32,2020-08-03,2020-08-09,0.7,23.2
north_taiga,Север (тайга),2020,33,2020-08-10,2020-08-16,16.0,17.4
north_taiga,Север (тайга),2020,34,2020-08-17,2020-08-23,49.0,13.5
north_taiga,Север (тайга),2020,35,2020-08-24,2020-08-30,15.1,15.2
north_taiga,Север (тайга),2020,36,2020-08-31,2020-09-06,63.2,12.0
north_taiga,Север (тайга),2020,37,2020-09-07,2020-09-13,7.6,11.5
north_taiga,Север (тайга),2020,38,2020-09-14,2020-09-20,13.3,12.1
north_taiga,Север (тайга),2020,39,2020-09-21,2020-09-27,17.7,7.7
north_taiga,Север (тайга),2020,40,2020-09-28,2020-10-04,3.9,7.5
north_taiga,Север (тайга),2020,41,2020-10-05,2020-10-11,8.5,2.2
north_taiga,Север (тайга),2020,42,2020-10-12,2020-10-18,2.4,6.2
north_taiga,Север (тайга),2020,43,2020-10-19,2020-10-25,14.8,1.2
north_taiga,Север (тайга),2020,44,2020-10-26,2020-10-31,27.2,-0.8
north_taiga,Север (тайга),2021,9,2021-03-01,2021-03-07,13.5,-10.0
north_taiga,Север (тайга),2021,10,2021-03-08,2021-03-14,14.7,-10.1
north_taiga,Север (тайга),2021,11,2021-03-15,2021-03-21,3.4,-5.8
north_taiga,Север (тайга),2021,12,2021-03-22,2021-03-28,16.4,-2.9
north_taiga,Север (тайга),2021,13,2021-03-29,2021-04-04,16.8,-1.5
north_taiga,Север (тайга),2021,14,2021-04-05,2021-04-11,1.2,2.5
north_taiga,Север (тайга),2021,15,2021-04-12,2021-04-18,7.7,3.2
north_taiga,Север (тайга),2021,16,2021-04-19,2021-04-25,1.0,-0.3
north_taiga,Север (тайга),2021,17,2021-04-26,2021-05-02,2.8,7.4
north_taiga,Север (тайга),2021,18,2021-05-03,2021-05-09,1.6,11.6
north_taiga,Север (тайга),2021,19,2021-05-10,2021-05-16,1.7,13.9
north_taiga,Север (тайга),2021,20,2021-05-17,2021-05-23,16.2,15.5
north_taiga,Север (тайга),2021,21,2021-05-24,2021-05-30,0.9,16.3
north_taiga,Север (тайга),2021,22,2021-05-31,2021-06-06,6.1,14.3
north_taiga,Север (тайга),2021,23,2021-06-07,2021-06-13,0.3,14.5
north_taiga,Север (тайга),2021,24,2021-06-14,2021-06-20,23.4,17.7
north_taiga,Север (тайга),2021,25,2021-06-21,2021-06-27,8.3,13.3
north_taiga,Север (тайга),2021,26,2021-06-28,2021-07-04,11.2,22.9
north_taiga,Север (тайга),2021,27,2021-07-05,2021-07-11,1.8,19.2
north_taiga,Север (тайга),2021,28,2021-07-12,2021-07-18,91.1,12.9
north_taiga,Север (тайга),2021,29,2021-07-19,2021-07-25,22.5,21.1
north_taiga,Север (тайга),2021,30,2021-07-26,2021-08-01,23.8,15.5
north_taiga,Север (тайга),2021,31,2021-08-02,2021-08-08,32.7,18.5
north_taiga,Север (тайга),2021,32,2021-08-09,2021-08-15,26.0,16.8
north_taiga,Север (тайга),2021,33,2021-08-16,2021-08-22,4.4,19.0
north_taiga,Север (тайга),2021,34,2021-08-23,2021-08-29,11.0,19.7
north_taiga,Север (тайга),2021,35,2021-08-30,2021-09-05,4.8,13.0
north_taiga,Север (тайга),2021,36,2021-09-06,2021-09-12,16.5,9.2
north_taiga,Север (тайга),2021,37,2021-09-13,2021-09-19,20.5,8.1
north_taiga,Север (тайга),2021,38,2021-09-20,2021-09-26,7.7,3.9
north_taiga,Север (тайга),2021,39,2021-09-27,2021-10-03,5.0,3.1
north_taiga,Север (тайга),2021,40,2021-10-04,2021-10-10,1.1,2.6
north_taiga,Север (тайга),2021,41,2021-10-11,2021-10-17,5.9,3.2
north_taiga,Север (тайга),2021,42,2021-10-18,2021-10-24,14.1,5.6
north_taiga,Север (тайга),2021,43,2021-10-25,2021-10-31,18.1,-0.5
north_taiga,Север (тайга),2022,9,2022-03-01,2022-03-06,13.6,-5.2
north_taiga,Север (тайга),2022,10,2022-03-07,2022-03-13,3.0,-16.6
north_taiga,Север (тайга),2022,11,2022-03-14,2022-03-20,0.4,-9.7
north_taiga,Север (тайга),2022,12,2022-03-21,2022-03-27,9.5,-5.9
north_taiga,Север (тайга),2022,13,2022-03-28,2022-04-03,17.5,-1.3
north_taiga,Север (тайга),2022,14,2022-04-04,2022-04-10,1.9,1.5
north_taiga,Север (тайга),2022,15,2022-04-11,2022-04-17,0.3,5.4
north_taiga,Север (тайга),2022,16,2022-04-18,2022-04-24,6.4,0.3
north_taiga,Север (тайга),2022,17,2022-04-25,2022-05-01,5.3,9.7
north_taiga,Север (тайга),2022,18,2022-05-02,2022-05-08,3.8,6.9
north_taiga,Север (тайга),2022,19,2022-05-09,2022-05-15,0.8,13.9
north_taiga,Север (тайга),2022,20,2022-05-16,2022-05-22,23.1,13.8
north_taiga,Север (тайга),2022,21,2022-05-23,2022-05-29,13.9,17.3
north_taiga,Север (тайга),2022,22,2022-05-30,2022-06-05,19.2,10.1
north_taiga,Север (тайга),2022,23,2022-06-06,2022-06-12,14.4,15.2
north_taiga,Север (тайга),2022,24,2022-06-13,2022-06-19,4.7,16.8
north_taiga,Север (тайга),2022,25,2022-06-20,2022-06-26,24.9,18.6
north_taiga,Север (тайга),2022,26,2022-06-27,2022-07-03,69.0,12.6
north_taiga,Север (тайга),2022,27,2022-07-04,2022-07-10,28.3,19.0
north_taiga,Север (тайга),2022,28,2022-07-11,2022-07-17,8.9,18.9
north_taiga,Север (тайга),2022,29,2022-07-18,2022-07-24,12.5,17.5
north_taiga,Север (тайга),2022,30,2022-07-25,2022-07-31,7.7,19.5
north_taiga,Север (тайга),2022,31,2022-08-01,2022-08-07,1.5,18.5
north_taiga,Север (тайга),2022,32,2022-08-08,2022-08-14,22.0,18.2
north_taiga,Север (тайга),2022,33,2022-08-15,2022-08-21,16.3,11.4
north_taiga,Север (тайга),2022,34,2022-08-22,2022-08-28,1.9,15.0
north_taiga,Север (тайга),2022,35,2022-08-29,2022-09-04,33.9,16.9
north_taiga,Север (тайга),2022,36,2022-09-05,2022-09-11,32.0,8.8
north_taiga,Север (тайга),2022,37,2022-09-12,2022-09-18,0.2,9.5
north_taiga,Север (тайга),2022,38,2022-09-19,2022-09-25,8.3,12.4
north_taiga,Север (тайга),2022,39,2022-09-26,2022-10-02,1.4,0.1
north_taiga,Север (тайга),2022,40,2022-10-03,2022-10-09,3.6,6.8
north_taiga,Север (тайга),2022,41,2022-10-10,2022-10-16,1.2,6.3
north_taiga,Север (тайга),2022,42,2022-10-17,2022-10-23,9.3,3.3
north_taiga,Север (тайга),2022,43,2022-10-24,2022-10-30,12.3,-0.7
north_taiga,Север (тайга),2022,44,2022-10-31,2022-10-31,0.0,-3.7
north_taiga,Север (тайга),2023,9,2023-03-01,2023-03-05,10.3,-6.6
north_taiga,Север (тайга),2023,10,2023-03-06,2023-03-12,9.5,-4.6
north_taiga,Север (тайга),2023,11,2023-03-13,2023-03-19,1.8,-3.5
north_taiga,Север (тайга),2023,12,2023-03-20,2023-03-26,4.8,-2.0
north_taiga,Север (тайга),2023,13,2023-03-27,2023-04-02,0.5,-1.5
north_taiga,Север (тайга),2023,14,2023-04-03,2023-04-09,0.9,-0.9
north_taiga,Север (тайга),2023,15,2023-04-10,2023-04-16,2.8,-2.7
north_taiga,Север (тайга),2023,16,2023-04-17,2023-04-23,2.4,0.8
north_taiga,Север (тайга),2023,17,2023-04-24,2023-04-30,2.2,7.9
north_taiga,Север (тайга),2023,18,2023-05-01,2023-05-07,0.0,10.9
north_taiga,Север (тайга),2023,19,2023-05-08,2023-05-14,0.4,7.3
north_taiga,Север (тайга),2023,20,2023-05-15,2023-05-21,0.0,10.5
north_taiga,Север (тайга),2023,21,2023-05-22,2023-05-28,1.2,15.4
north_taiga,Север (тайга),2023,22,2023-05-29,2023-06-04,15.0,21.1
north_taiga,Север (тайга),2023,23,2023-06-05,2023-06-11,3.0,21.5
north_taiga,Север (тайга),2023,24,2023-06-12,2023-06-18,17.0,14.5
north_taiga,Север (тайга),2023,25,2023-06-19,2023-06-25,41.7,9.7
north_taiga,Север (тайга),2023,26,2023-06-26,2023-07-02,13.7,15.8
north_taiga,Север (тайга),2023,27,2023-07-03,2023-07-09,14.7,22.3
north_taiga,Север (тайга),2023,28,2023-07-10,2023-07-16,44.6,22.7
north_taiga,Север (тайга),2023,29,2023-07-17,2023-07-23,21.4,19.9
north_taiga,Север (тайга),2023,30,2023-07-24,2023-07-30,33.6,18.8
north_taiga,Север (тайга),2023,31,2023-07-31,2023-08-06,40.9,19.6
north_taiga,Север (тайга),2023,32,2023-08-07,2023-08-13,3.3,15.8
north_taiga,Север (тайга),2023,33,2023-08-14,2023-08-20,26.8,15.7
north_taiga,Север (тайга),2023,34,2023-08-21,2023-08-27,42.7,13.4
north_taiga,Север (тайга),2023,35,2023-08-28,2023-09-03,15.8,15.3
north_taiga,Север (тайга),2023,36,2023-09-04,2023-09-10,19.4,11.5
north_taiga,Север (тайга),2023,37,2023-09-11,2023-09-17,0.0,13.4
north_taiga,Север (тайга),2023,38,2023-09-18,2023-09-24,6.6,11.2
north_taiga,Север (тайга),2023,39,2023-09-25,2023-10-01,2.9,8.7
north_taiga,Север (тайга),2023,40,2023-10-02,2023-10-08,1.0,11.6
north_taiga,Север (тайга),2023,41,2023-10-09,2023-10-15,15.4,6.2
north_taiga,Север (тайга),2023,42,2023-10-16,2023-10-22,27.8,6.1
north_taiga,Север (тайга),2023,43,2023-10-23,2023-10-29,25.5,-3.4
north_taiga,Север (тайга),2023,44,2023-10-30,2023-10-31,0.0,-8.3
north_taiga,Север (тайга),2024,9,2024-03-01,2024-03-03,7.6,-6.7
north_taiga,Север (тайга),2024,10,2024-03-04,2024-03-10,4.7,-8.5
north_taiga,Север (тайга),2024,11,2024-03-11,2024-03-17,8.9,-8.0
north_taiga,Север (тайга),2024,12,2024-03-18,2024-03-24,0.0,-3.5
north_taiga,Север (тайга),2024,13,2024-03-25,2024-03-31,9.0,0.3
north_taiga,Север (тайга),2024,14,2024-04-01,2024-04-07,6.2,1.3
north_taiga,Север (тайга),2024,15,2024-04-08,2024-04-14,7.7,-0.7
north_taiga,Север (тайга),2024,16,2024-04-15,2024-04-21,20.8,4.9
north_taiga,Север (тайга),2024,17,2024-04-22,2024-04-28,9.6,3.9
north_taiga,Север (тайга),2024,18,2024-04-29,2024-05-05,14.1,2.6
north_taiga,Север (тайга),2024,19,2024-05-06,2024-05-12,4.6,8.7
north_taiga,Север (тайга),2024,20,2024-05-13,2024-05-19,21.8,9.1
north_taiga,Север (тайга),2024,21,2024-05-20,2024-05-26,11.5,7.5
north_taiga,Север (тайга),2024,22,2024-05-27,2024-06-02,7.3,6.4
north_taiga,Север (тайга),2024,23,2024-06-03,2024-06-09,13.6,13.4
north_taiga,Север (тайга),2024,24,2024-06-10,2024-06-16,8.6,20.5
north_taiga,Север (тайга),2024,25,2024-06-17,2024-06-23,16.8,17.7
north_taiga,Север (тайга),2024,26,2024-06-24,2024-06-30,9.7,21.7
north_taiga,Север (тайга),2024,27,2024-07-01,2024-07-07,22.6,18.9
north_taiga,Север (тайга),2024,28,2024-07-08,2024-07-14,15.4,21.0
north_taiga,Север (тайга),2024,29,2024-07-15,2024-07-21,42.1,18.8
north_taiga,Север (тайга),2024,30,2024-07-22,2024-07-28,21.2,17.1
north_taiga,Север (тайга),2024,31,2024-07-29,2024-08-04,30.1,19.1
north_taiga,Север (тайга),2024,32,2024-08-05,2024-08-11,9.3,15.5
north_taiga,Север (тайга),2024,33,2024-08-12,2024-08-18,39.4,15.7
north_taiga,Север (тайга),2024,34,2024-08-19,2024-08-25,49.9,14.7
north_taiga,Север (тайга),2024,35,2024-08-26,2024-09-01,12.2,12.8
north_taiga,Север (тайга),2024,36,2024-09-02,2024-09-08,12.8,10.4
north_taiga,Север (тайга),2024,37,2024-09-09,2024-09-15,0.1,12.6
north_taiga,Север (тайга),2024,38,2024-09-16,2024-09-22,3.3,10.8
north_taiga,Север (тайга),2024,39,2024-09-23,2024-09-29,7.2,6.0
north_taiga,Север (тайга),2024,40,2024-09-30,2024-10-06,0.1,8.9
north_taiga,Север (тайга),2024,41,2024-10-07,2024-10-13,3.5,1.1
north_taiga,Север (тайга),2024,42,2024-10-14,2024-10-20,2.2,1.0
north_taiga,Север (тайга),2024,43,2024-10-21,2024-10-27,13.3,3.1
north_taiga,Север (тайга),2024,44,2024-10-28,2024-10-31,8.6,0.1
north_taiga,Север (тайга),2025,9,2025-03-01,2025-03-02,1.6,-4.1
north_taiga,Север (тайга),2025,10,2025-03-03,2025-03-09,7.2,-9.2
north_taiga,Север (тайга),2025,11,2025-03-10,2025-03-16,10.9,-6.5
north_taiga,Север (тайга),2025,12,2025-03-17,2025-03-23,31.2,0.0
north_taiga,Север (тайга),2025,13,2025-03-24,2025-03-30,0.9,-1.0
north_taiga,Север (тайга),2025,14,2025-03-31,2025-04-06,7.9,3.1
north_taiga,Север (тайга),2025,15,2025-04-07,2025-04-13,24.4,5.1
north_taiga,Север (тайга),2025,16,2025-04-14,2025-04-20,17.0,1.8
north_taiga,Север (тайга),2025,17,2025-04-21,2025-04-27,9.7,7.7
north_taiga,Север (тайга),2025,18,2025-04-28,2025-05-04,12.7,8.0
north_taiga,Север (тайга),2025,19,2025-05-05,2025-05-11,7.0,11.0
north_taiga,Север (тайга),2025,20,2025-05-12,2025-05-18,7.3,10.7
north_taiga,Север (тайга),2025,21,2025-05-19,2025-05-25,16.3,12.1
north_taiga,Север (тайга),2025,22,2025-05-26,2025-06-01,17.4,11.3
north_taiga,Север (тайга),2025,23,2025-06-02,2025-06-08,8.1,18.4
north_taiga,Север (тайга),2025,24,2025-06-09,2025-06-15,3.2,21.9
north_taiga,Север (тайга),2025,25,2025-06-16,2025-06-22,30.6,19.6
north_taiga,Север (тайга),2025,26,2025-06-23,2025-06-29,7.8,16.6
north_taiga,Север (тайга),2025,27,2025-06-30,2025-07-06,52.1,20.2
north_taiga,Север (тайга),2025,28,2025-07-07,2025-07-13,25.3,17.2
north_taiga,Север (тайга),2025,29,2025-07-14,2025-07-20,14.6,15.9
north_taiga,Север (тайга),2025,30,2025-07-21,2025-07-27,8.1,16.4
north_taiga,Север (тайга),2025,31,2025-07-28,2025-08-03,17.8,19.1
north_taiga,Север (тайга),2025,32,2025-08-04,2025-08-10,12.2,14.2
north_taiga,Север (тайга),2025,33,2025-08-11,2025-08-17,8.7,17.3
north_taiga,Север (тайга),2025,34,2025-08-18,2025-08-24,13.0,18.1
north_taiga,Север (тайга),2025,35,2025-08-25,2025-08-31,8.2,17.1
north_taiga,Север (тайга),2025,36,2025-09-01,2025-09-07,1.9,13.7
north_taiga,Север (тайга),2025,37,2025-09-08,2025-09-14,5.8,10.9
north_taiga,Север (тайга),2025,38,2025-09-15,2025-09-21,0.0,12.4
north_taiga,Север (тайга),2025,39,2025-09-22,2025-09-28,17.8,9.1
north_taiga,Север (тайга),2025,40,2025-09-29,2025-10-05,21.1,0.7
north_taiga,Север (тайга),2025,41,2025-10-06,2025-10-12,5.5,-0.1
north_taiga,Север (тайга),2025,42,2025-10-13,2025-10-19,3.3,-1.6
north_taiga,Север (тайга),2025,43,2025-10-20,2025-10-26,0.7,0.8
north_taiga,Север (тайга),2025,44,2025-10-27,2025-10-31,0.9,4.9
north_foreststeppe,Северная лесостепь,1996,9,1996-03-01,1996-03-03,2.6,-12.6
north_foreststeppe,Северная лесостепь,1996,10,1996-03-04,1996-03-10,0.6,-12.9
north_foreststeppe,Северная лесостепь,1996,11,1996-03-11,1996-03-17,1.7,-7.5
north_foreststeppe,Северная лесостепь,1996,12,1996-03-18,1996-03-24,0.0,-11.5
north_foreststeppe,Северная лесостепь,1996,13,1996-03-25,1996-03-31,0.0,-7.6
north_foreststeppe,Северная лесостепь,1996,14,1996-04-01,1996-04-07,0.1,-3.2
north_foreststeppe,Северная лесостепь,1996,15,1996-04-08,1996-04-14,0.1,-1.7
north_foreststeppe,Северная лесостепь,1996,16,1996-04-15,1996-04-21,17.3,1.8
north_foreststeppe,Северная лесостепь,1996,17,1996-04-22,1996-04-28,42.0,-1.9
north_foreststeppe,Северная лесостепь,1996,18,1996-04-29,1996-05-05,0.3,1.8
north_foreststeppe,Северная лесостепь,1996,19,1996-05-06,1996-05-12,8.4,13.8
north_foreststeppe,Северная лесостепь,1996,20,1996-05-13,1996-05-19,11.1,11.0
north_foreststeppe,Северная лесостепь,1996,21,1996-05-20,1996-05-26,12.5,7.8
north_foreststeppe,Северная лесостепь,1996,22,1996-05-27,1996-06-02,0.0,11.6
north_foreststeppe,Северная лесостепь,1996,23,1996-06-03,1996-06-09,11.8,15.8
north_foreststeppe,Северная лесостепь,1996,24,1996-06-10,1996-06-16,16.7,14.7
north_foreststeppe,Северная лесостепь,1996,25,1996-06-17,1996-06-23,8.9,21.4
north_foreststeppe,Северная лесостепь,1996,26,1996-06-24,1996-06-30,28.3,18.0
north_foreststeppe,Северная лесостепь,1996,27,1996-07-01,1996-07-07,18.9,18.6
north_foreststeppe,Северная лесостепь,1996,28,1996-07-08,1996-07-14,44.9,17.9
north_foreststeppe,Северная лесостепь,1996,29,1996-07-15,1996-07-21,10.8,22.7
north_foreststeppe,Северная лесостепь,1996,30,1996-07-22,1996-07-28,8.5,19.4
north_foreststeppe,Северная лесостепь,1996,31,1996-07-29,1996-08-04,40.0,18.3
north_foreststeppe,Северная лесостепь,1996,32,1996-08-05,1996-08-11,8.7,15.1
north_foreststeppe,Северная лесостепь,1996,33,1996-08-12,1996-08-18,13.0,11.3
north_foreststeppe,Северная лесостепь,1996,34,1996-08-19,1996-08-25,17.3,13.2
north_foreststeppe,Северная лесостепь,1996,35,1996-08-26,1996-09-01,7.5,7.8
north_foreststeppe,Северная лесостепь,1996,36,1996-09-02,1996-09-08,31.5,9.3
north_foreststeppe,Северная лесостепь,1996,37,1996-09-09,1996-09-15,22.4,8.1
north_foreststeppe,Северная лесостепь,1996,38,1996-09-16,1996-09-22,12.3,6.3
north_foreststeppe,Северная лесостепь,1996,39,1996-09-23,1996-09-29,14.4,5.6
north_foreststeppe,Северная лесостепь,1996,40,1996-09-30,1996-10-06,2.3,3.9
north_foreststeppe,Северная лесостепь,1996,41,1996-10-07,1996-10-13,0.4,5.3
north_foreststeppe,Северная лесостепь,1996,42,1996-10-14,1996-10-20,5.6,-1.4
north_foreststeppe,Северная лесостепь,1996,43,1996-10-21,1996-10-27,7.4,-5.5
north_foreststeppe,Северная лесостепь,1996,44,1996-10-28,1996-10-31,0.0,-4.7
north_foreststeppe,Северная лесостепь,1997,9,1997-03-01,1997-03-02,0.0,-6.7
north_foreststeppe,Северная лесостепь,1997,10,1997-03-03,1997-03-09,3.9,-4.5
north_foreststeppe,Северная лесостепь,1997,11,1997-03-10,1997-03-16,8.5,-3.7
north_foreststeppe,Северная лесостепь,1997,12,1997-03-17,1997-03-23,0.0,-4.9
north_foreststeppe,Северная лесостепь,1997,13,1997-03-24,1997-03-30,0.0,-0.5
north_foreststeppe,Северная лесостепь,1997,14,1997-03-31,1997-04-06,1.8,1.4
north_foreststeppe,Северная лесостепь,1997,15,1997-04-07,1997-04-13,3.9,7.4
north_foreststeppe,Северная лесостепь,1997,16,1997-04-14,1997-04-20,0.0,8.9
north_foreststeppe,Северная лесостепь,1997,17,1997-04-21,1997-04-27,9.1,10.9
north_foreststeppe,Северная лесостепь,1997,18,1997-04-28,1997-05-04,0.0,8.5
north_foreststeppe,Северная лесостепь,1997,19,1997-05-05,1997-05-11,9.4,8.2
north_foreststeppe,Северная лесостепь,1997,20,1997-05-12,1997-05-18,14.0,9.0
north_foreststeppe,Северная лесостепь,1997,21,1997-05-19,1997-05-25,7.2,13.3
north_foreststeppe,Северная лесостепь,1997,22,1997-05-26,1997-06-01,4.5,20.2
north_foreststeppe,Северная лесостепь,1997,23,1997-06-02,1997-06-08,0.2,15.7
north_foreststeppe,Северная лесостепь,1997,24,1997-06-09,1997-06-15,19.4,13.2
north_foreststeppe,Северная лесостепь,1997,25,1997-06-16,1997-06-22,35.3,13.5
north_foreststeppe,Северная лесостепь,1997,26,1997-06-23,1997-06-29,4.0,18.0
north_foreststeppe,Северная лесостепь,1997,27,1997-06-30,1997-07-06,13.5,16.2
north_foreststeppe,Северная лесостепь,1997,28,1997-07-07,1997-07-13,27.7,15.7
north_foreststeppe,Северная лесостепь,1997,29,1997-07-14,1997-07-20,16.8,13.8
north_foreststeppe,Северная лесостепь,1997,30,1997-07-21,1997-07-27,5.2,15.2
north_foreststeppe,Северная лесостепь,1997,31,1997-07-28,1997-08-03,4.1,18.3
north_foreststeppe,Северная лесостепь,1997,32,1997-08-04,1997-08-10,17.3,17.4
north_foreststeppe,Северная лесостепь,1997,33,1997-08-11,1997-08-17,5.4,18.0
north_foreststeppe,Северная лесостепь,1997,34,1997-08-18,1997-08-24,18.5,14.4
north_foreststeppe,Северная лесостепь,1997,35,1997-08-25,1997-08-31,18.7,11.4
north_foreststeppe,Северная лесостепь,1997,36,1997-09-01,1997-09-07,31.4,7.4
north_foreststeppe,Северная лесостепь,1997,37,1997-09-08,1997-09-14,8.2,11.8
north_foreststeppe,Северная лесостепь,1997,38,1997-09-15,1997-09-21,3.4,13.0
north_foreststeppe,Северная лесостепь,1997,39,1997-09-22,1997-09-28,0.0,12.3
north_foreststeppe,Северная лесостепь,1997,40,1997-09-29,1997-10-05,0.4,9.8
north_foreststeppe,Северная лесостепь,1997,41,1997-10-06,1997-10-12,22.5,7.9
north_foreststeppe,Северная лесостепь,1997,42,1997-10-13,1997-10-19,8.4,7.4
north_foreststeppe,Северная лесостепь,1997,43,1997-10-20,1997-10-26,0.3,4.3
north_foreststeppe,Северная лесостепь,1997,44,1997-10-27,1997-10-31,5.7,1.4
north_foreststeppe,Северная лесостепь,1998,9,1998-03-01,1998-03-01,0.0,-8.2
north_foreststeppe,Северная лесостепь,1998,10,1998-03-02,1998-03-08,0.0,-8.1
north_foreststeppe,Северная лесостепь,1998,11,1998-03-09,1998-03-15,0.5,-9.5
north_foreststeppe,Северная лесостепь,1998,12,1998-03-16,1998-03-22,0.0,-11.8
north_foreststeppe,Северная лесостепь,1998,13,1998-03-23,1998-03-29,0.9,-7.8
north_foreststeppe,Северная лесостепь,1998,14,1998-03-30,1998-04-05,9.2,-3.9
north_foreststeppe,Северная лесостепь,1998,15,1998-04-06,1998-04-12,10.0,-3.1
north_foreststeppe,Северная лесостепь,1998,16,1998-04-13,1998-04-19,13.7,-4.5
north_foreststeppe,Северная лесостепь,1998,17,1998-04-20,1998-04-26,4.0,-2.3
north_foreststeppe,Северная лесостепь,1998,18,1998-04-27,1998-05-03,9.4,2.2
north_foreststeppe,Северная лесостепь,1998,19,1998-05-04,1998-05-10,9.0,10.8
north_foreststeppe,Северная лесостепь,1998,20,1998-05-11,1998-05-17,11.8,4.5
north_foreststeppe,Северная лесостепь,1998,21,1998-05-18,1998-05-24,8.4,9.7
north_foreststeppe,Северная лесостепь,1998,22,1998-05-25,1998-05-31,0.1,18.7
north_foreststeppe,Северная лесостепь,1998,23,1998-06-01,1998-06-07,1.4,17.9
north_foreststeppe,Северная лесостепь,1998,24,1998-06-08,1998-06-14,12.6,16.1
north_foreststeppe,Северная лесостепь,1998,25,1998-06-15,1998-06-21,8.6,19.9
north_foreststeppe,Северная лесостепь,1998,26,1998-06-22,1998-06-28,7.6,13.7
north_foreststeppe,Северная лесостепь,1998,27,1998-06-29,1998-07-05,14.3,18.3
north_foreststeppe,Северная лесостепь,1998,28,1998-07-06,1998-07-12,0.2,24.5
north_foreststeppe,Северная лесостепь,1998,29,1998-07-13,1998-07-19,8.1,23.0
north_foreststeppe,Северная лесостепь,1998,30,1998-07-20,1998-07-26,0.0,23.3
north_foreststeppe,Северная лесостепь,1998,31,1998-07-27,1998-08-02,0.0,24.6
north_foreststeppe,Северная лесостепь,1998,32,1998-08-03,1998-08-09,3.1,25.1
north_foreststeppe,Северная лесостепь,1998,33,1998-08-10,1998-08-16,10.8,22.5
north_foreststeppe,Северная лесостепь,1998,34,1998-08-17,1998-08-23,18.7,14.8
north_foreststeppe,Северная лесостепь,1998,35,1998-08-24,1998-08-30,10.7,16.0
north_foreststeppe,Северная лесостепь,1998,36,1998-08-31,1998-09-06,28.2,10.4
north_foreststeppe,Северная лесостепь,1998,37,1998-09-07,1998-09-13,8.9,9.1
north_foreststeppe,Северная лесостепь,1998,38,1998-09-14,1998-09-20,6.3,10.5
north_foreststeppe,Северная лесостепь,1998,39,1998-09-21,1998-09-27,27.5,4.7
north_foreststeppe,Северная лесостепь,1998,40,1998-09-28,1998-10-04,15.3,1.9
north_foreststeppe,Северная лесостепь,1998,41,1998-10-05,1998-10-11,12.6,1.0
north_foreststeppe,Северная лесостепь,1998,42,1998-10-12,1998-10-18,21.8,4.4
north_foreststeppe,Северная лесостепь,1998,43,1998-10-19,1998-10-25,4.4,2.9
north_foreststeppe,Северная лесостепь,1998,44,1998-10-26,1998-10-31,4.8,3.0
north_foreststeppe,Северная лесостепь,1999,9,1999-03-01,1999-03-07,2.4,-18.1
north_foreststeppe,Северная лесостепь,1999,10,1999-03-08,1999-03-14,0.0,-20.8
north_foreststeppe,Северная лесостепь,1999,11,1999-03-15,1999-03-21,0.4,-16.8
north_foreststeppe,Северная лесостепь,1999,12,1999-03-22,1999-03-28,5.0,-12.0
north_foreststeppe,Северная лесостепь,1999,13,1999-03-29,1999-04-04,4.0,-2.3
north_foreststeppe,Северная лесостепь,1999,14,1999-04-05,1999-04-11,16.6,-0.8
north_foreststeppe,Северная лесостепь,1999,15,1999-04-12,1999-04-18,10.9,0.8
north_foreststeppe,Северная лесостепь,1999,16,1999-04-19,1999-04-25,0.3,0.5
north_foreststeppe,Северная лесостепь,1999,17,1999-04-26,1999-05-02,1.5,8.9
north_foreststeppe,Северная лесостепь,1999,18,1999-05-03,1999-05-09,9.7,10.1
north_foreststeppe,Северная лесостепь,1999,19,1999-05-10,1999-05-16,1.4,13.2
north_foreststeppe,Северная лесостепь,1999,20,1999-05-17,1999-05-23,7.7,14.1
north_foreststeppe,Северная лесостепь,1999,21,1999-05-24,1999-05-30,2.1,16.5
north_foreststeppe,Северная лесостепь,1999,22,1999-05-31,1999-06-06,1.4,17.2
north_foreststeppe,Северная лесостепь,1999,23,1999-06-07,1999-06-13,13.1,11.0
north_foreststeppe,Северная лесостепь,1999,24,1999-06-14,1999-06-20,14.8,11.4
north_foreststeppe,Северная лесостепь,1999,25,1999-06-21,1999-06-27,0.0,17.6
north_foreststeppe,Северная лесостепь,1999,26,1999-06-28,1999-07-04,2.5,18.6
north_foreststeppe,Северная лесостепь,1999,27,1999-07-05,1999-07-11,0.4,23.7
north_foreststeppe,Северная лесостепь,1999,28,1999-07-12,1999-07-18,14.4,19.8
north_foreststeppe,Северная лесостепь,1999,29,1999-07-19,1999-07-25,3.1,19.6
north_foreststeppe,Северная лесостепь,1999,30,1999-07-26,1999-08-01,1.0,23.8
north_foreststeppe,Северная лесостепь,1999,31,1999-08-02,1999-08-08,1.7,15.0
north_foreststeppe,Северная лесостепь,1999,32,1999-08-09,1999-08-15,8.8,16.0
north_foreststeppe,Северная лесостепь,1999,33,1999-08-16,1999-08-22,4.7,20.6
north_foreststeppe,Северная лесостепь,1999,34,1999-08-23,1999-08-29,5.9,16.1
north_foreststeppe,Северная лесостепь,1999,35,1999-08-30,1999-09-05,26.4,10.9
north_foreststeppe,Северная лесостепь,1999,36,1999-09-06,1999-09-12,4.8,8.4
north_foreststeppe,Северная лесостепь,1999,37,1999-09-13,1999-09-19,0.7,12.7
north_foreststeppe,Северная лесостепь,1999,38,1999-09-20,1999-09-26,5.0,5.3
north_foreststeppe,Северная лесостепь,1999,39,1999-09-27,1999-10-03,19.3,8.1
north_foreststeppe,Северная лесостепь,1999,40,1999-10-04,1999-10-10,7.3,9.4
north_foreststeppe,Северная лесостепь,1999,41,1999-10-11,1999-10-17,0.2,7.2
north_foreststeppe,Северная лесостепь,1999,42,1999-10-18,1999-10-24,5.5,2.0
north_foreststeppe,Северная лесостепь,1999,43,1999-10-25,1999-10-31,1.1,0.7
north_foreststeppe,Северная лесостепь,2000,9,2000-03-01,2000-03-05,4.4,-8.1
north_foreststeppe,Северная лесостепь,2000,10,2000-03-06,2000-03-12,0.0,-8.3
north_foreststeppe,Северная лесостепь,2000,11,2000-03-13,2000-03-19,0.0,-6.6
north_foreststeppe,Северная лесостепь,2000,12,2000-03-20,2000-03-26,5.2,-3.3
north_foreststeppe,Северная лесостепь,2000,13,2000-03-27,2000-04-02,3.7,-2.7
north_foreststeppe,Северная лесостепь,2000,14,2000-04-03,2000-04-09,7.9,-0.1
north_foreststeppe,Северная лесостепь,2000,15,2000-04-10,2000-04-16,18.9,4.3
north_foreststeppe,Северная лесостепь,2000,16,2000-04-17,2000-04-23,0.0,9.2
north_foreststeppe,Северная лесостепь,2000,17,2000-04-24,2000-04-30,2.2,7.8
north_foreststeppe,Северная лесостепь,2000,18,2000-05-01,2000-05-07,12.5,5.4
north_foreststeppe,Северная лесостепь,2000,19,2000-05-08,2000-05-14,12.7,7.0
north_foreststeppe,Северная лесостепь,2000,20,2000-05-15,2000-05-21,8.5,11.8
north_foreststeppe,Северная лесостепь,2000,21,2000-05-22,2000-05-28,15.5,16.0
north_foreststeppe,Северная лесостепь,2000,22,2000-05-29,2000-06-04,23.3,12.3
north_foreststeppe,Северная лесостепь,2000,23,2000-06-05,2000-06-11,16.3,14.2
north_foreststeppe,Северная лесостепь,2000,24,2000-06-12,2000-06-18,3.5,20.1
north_foreststeppe,Северная лесостепь,2000,25,2000-06-19,2000-06-25,3.4,24.2
north_foreststeppe,Северная лесостепь,2000,26,2000-06-26,2000-07-02,9.0,18.3
north_foreststeppe,Северная лесостепь,2000,27,2000-07-03,2000-07-09,6.0,20.0
north_foreststeppe,Северная лесостепь,2000,28,2000-07-10,2000-07-16,0.5,18.7
north_foreststeppe,Северная лесостепь,2000,29,2000-07-17,2000-07-23,13.8,17.3
north_foreststeppe,Северная лесостепь,2000,30,2000-07-24,2000-07-30,12.8,19.3
north_foreststeppe,Северная лесостепь,2000,31,2000-07-31,2000-08-06,15.0,20.4
north_foreststeppe,Северная лесостепь,2000,32,2000-08-07,2000-08-13,10.1,17.7
north_foreststeppe,Северная лесостепь,2000,33,2000-08-14,2000-08-20,10.9,16.5
north_foreststeppe,Северная лесостепь,2000,34,2000-08-21,2000-08-27,9.5,14.7
north_foreststeppe,Северная лесостепь,2000,35,2000-08-28,2000-09-03,5.4,12.3
north_foreststeppe,Северная лесостепь,2000,36,2000-09-04,2000-09-10,0.0,16.5
north_foreststeppe,Северная лесостепь,2000,37,2000-09-11,2000-09-17,9.3,10.4
north_foreststeppe,Северная лесостепь,2000,38,2000-09-18,2000-09-24,7.5,5.7
north_foreststeppe,Северная лесостепь,2000,39,2000-09-25,2000-10-01,4.5,3.9
north_foreststeppe,Северная лесостепь,2000,40,2000-10-02,2000-10-08,0.3,-0.7
north_foreststeppe,Северная лесостепь,2000,41,2000-10-09,2000-10-15,8.6,1.2
north_foreststeppe,Северная лесостепь,2000,42,2000-10-16,2000-10-22,9.8,-1.9
north_foreststeppe,Северная лесостепь,2000,43,2000-10-23,2000-10-29,3.1,0.1
north_foreststeppe,Северная лесостепь,2000,44,2000-10-30,2000-10-31,7.5,-0.1
north_foreststeppe,Северная лесостепь,2001,9,2001-03-01,2001-03-04,2.3,-14.7
north_foreststeppe,Северная лесостепь,2001,10,2001-03-05,2001-03-11,9.6,-7.5
north_foreststeppe,Северная лесостепь,2001,11,2001-03-12,2001-03-18,1.5,-2.3
north_foreststeppe,Северная лесостепь,2001,12,2001-03-19,2001-03-25,13.1,-3.5
north_foreststeppe,Северная лесостепь,2001,13,2001-03-26,2001-04-01,21.3,-0.8
north_foreststeppe,Северная лесостепь,2001,14,2001-04-02,2001-04-08,4.0,-3.7
north_foreststeppe,Северная лесостепь,2001,15,2001-04-09,2001-04-15,4.6,2.5
north_foreststeppe,Северная лесостепь,2001,16,2001-04-16,2001-04-22,0.0,5.2
north_foreststeppe,Северная лесостепь,2001,17,2001-04-23,2001-04-29,13.6,5.3
north_foreststeppe,Северная лесостепь,2001,18,2001-04-30,2001-05-06,0.0,11.3
north_foreststeppe,Северная лесостепь,2001,19,2001-05-07,2001-05-13,22.3,11.9
north_foreststeppe,Северная лесостепь,2001,20,2001-05-14,2001-05-20,10.6,12.6
north_foreststeppe,Северная лесостепь,2001,21,2001-05-21,2001-05-27,0.8,18.8
north_foreststeppe,Северная лесостепь,2001,22,2001-05-28,2001-06-03,17.6,17.5
north_foreststeppe,Северная лесостепь,2001,23,2001-06-04,2001-06-10,16.1,13.2
north_foreststeppe,Северная лесостепь,2001,24,2001-06-11,2001-06-17,13.1,17.0
north_foreststeppe,Северная лесостепь,2001,25,2001-06-18,2001-06-24,11.7,15.9
north_foreststeppe,Северная лесостепь,2001,26,2001-06-25,2001-07-01,14.7,16.8
north_foreststeppe,Северная лесостепь,2001,27,2001-07-02,2001-07-08,16.0,15.3
north_foreststeppe,Северная лесостепь,2001,28,2001-07-09,2001-07-15,17.7,15.1
north_foreststeppe,Северная лесостепь,2001,29,2001-07-16,2001-07-22,4.6,17.7
north_foreststeppe,Северная лесостепь,2001,30,2001-07-23,2001-07-29,7.4,16.3
north_foreststeppe,Северная лесостепь,2001,31,2001-07-30,2001-08-05,10.0,20.2
north_foreststeppe,Северная лесостепь,2001,32,2001-08-06,2001-08-12,28.6,16.8
north_foreststeppe,Северная лесостепь,2001,33,2001-08-13,2001-08-19,8.6,18.8
north_foreststeppe,Северная лесостепь,2001,34,2001-08-20,2001-08-26,40.0,13.2
north_foreststeppe,Северная лесостепь,2001,35,2001-08-27,2001-09-02,16.3,13.7
north_foreststeppe,Северная лесостепь,2001,36,2001-09-03,2001-09-09,15.4,13.4
north_foreststeppe,Северная лесостепь,2001,37,2001-09-10,2001-09-16,3.6,7.8
north_foreststeppe,Северная лесостепь,2001,38,2001-09-17,2001-09-23,4.7,9.3
north_foreststeppe,Северная лесостепь,2001,39,2001-09-24,2001-09-30,6.6,9.5
north_foreststeppe,Северная лесостепь,2001,40,2001-10-01,2001-10-07,13.1,6.3
north_foreststeppe,Северная лесостепь,2001,41,2001-10-08,2001-10-14,14.2,1.9
north_foreststeppe,Северная лесостепь,2001,42,2001-10-15,2001-10-21,12.2,-2.2
north_foreststeppe,Северная лесостепь,2001,43,2001-10-22,2001-10-28,6.3,-1.9
north_foreststeppe,Северная лесостепь,2001,44,2001-10-29,2001-10-31,0.0,-1.0
north_foreststeppe,Северная лесостепь,2002,9,2002-03-01,2002-03-03,1.4,-6.6
north_foreststeppe,Северная лесостепь,2002,10,2002-03-04,2002-03-10,15.1,-0.5
north_foreststeppe,Северная лесостепь,2002,11,2002-03-11,2002-03-17,9.0,-2.7
north_foreststeppe,Северная лесостепь,2002,12,2002-03-18,2002-03-24,0.7,-3.3
north_foreststeppe,Северная лесостепь,2002,13,2002-03-25,2002-03-31,6.0,-5.8
north_foreststeppe,Северная лесостепь,2002,14,2002-04-01,2002-04-07,0.2,-10.2
north_foreststeppe,Северная лесостепь,2002,15,2002-04-08,2002-04-14,2.4,-3.9
north_foreststeppe,Северная лесостепь,2002,16,2002-04-15,2002-04-21,2.6,0.5
north_foreststeppe,Северная лесостепь,2002,17,2002-04-22,2002-04-28,2.6,6.2
north_foreststeppe,Северная лесостепь,2002,18,2002-04-29,2002-05-05,2.1,7.5
north_foreststeppe,Северная лесостепь,2002,19,2002-05-06,2002-05-12,25.2,9.3
north_foreststeppe,Северная лесостепь,2002,20,2002-05-13,2002-05-19,14.1,9.0
north_foreststeppe,Северная лесостепь,2002,21,2002-05-20,2002-05-26,9.0,14.6
north_foreststeppe,Северная лесостепь,2002,22,2002-05-27,2002-06-02,26.7,9.6
north_foreststeppe,Северная лесостепь,2002,23,2002-06-03,2002-06-09,3.0,13.1
north_foreststeppe,Северная лесостепь,2002,24,2002-06-10,2002-06-16,14.1,16.2
north_foreststeppe,Северная лесостепь,2002,25,2002-06-17,2002-06-23,27.7,18.4
north_foreststeppe,Северная лесостепь,2002,26,2002-06-24,2002-06-30,18.4,16.3
north_foreststeppe,Северная лесостепь,2002,27,2002-07-01,2002-07-07,12.7,19.0
north_foreststeppe,Северная лесостепь,2002,28,2002-07-08,2002-07-14,6.9,16.9
north_foreststeppe,Северная лесостепь,2002,29,2002-07-15,2002-07-21,29.2,14.8
north_foreststeppe,Северная лесостепь,2002,30,2002-07-22,2002-07-28,0.5,19.2
north_foreststeppe,Северная лесостепь,2002,31,2002-07-29,2002-08-04,10.6,16.6
north_foreststeppe,Северная лесостепь,2002,32,2002-08-05,2002-08-11,57.4,15.7
north_foreststeppe,Северная лесостепь,2002,33,2002-08-12,2002-08-18,15.7,14.2
north_foreststeppe,Северная лесостепь,2002,34,2002-08-19,2002-08-25,32.2,14.1
north_foreststeppe,Северная лесостепь,2002,35,2002-08-26,2002-09-01,7.8,12.6
north_foreststeppe,Северная лесостепь,2002,36,2002-09-02,2002-09-08,10.6,12.7
north_foreststeppe,Северная лесостепь,2002,37,2002-09-09,2002-09-15,3.2,12.1
north_foreststeppe,Северная лесостепь,2002,38,2002-09-16,2002-09-22,1.6,12.7
north_foreststeppe,Северная лесостепь,2002,39,2002-09-23,2002-09-29,12.2,7.9
north_foreststeppe,Северная лесостепь,2002,40,2002-09-30,2002-10-06,8.6,6.7
north_foreststeppe,Северная лесостепь,2002,41,2002-10-07,2002-10-13,27.6,0.6
north_foreststeppe,Северная лесостепь,2002,42,2002-10-14,2002-10-20,7.7,-3.0
north_foreststeppe,Северная лесостепь,2002,43,2002-10-21,2002-10-27,1.1,1.9
north_foreststeppe,Северная лесостепь,2002,44,2002-10-28,2002-10-31,0.0,-0.6
north_foreststeppe,Северная лесостепь,2003,9,2003-03-01,2003-03-02,0.0,-10.8
north_foreststeppe,Северная лесостепь,2003,10,2003-03-03,2003-03-09,0.3,-15.5
north_foreststeppe,Северная лесостепь,2003,11,2003-03-10,2003-03-16,0.0,-9.7
north_foreststeppe,Северная лесостепь,2003,12,2003-03-17,2003-03-23,4.6,-5.5
north_foreststeppe,Северная лесостепь,2003,13,2003-03-24,2003-03-30,3.6,-2.9
north_foreststeppe,Северная лесостепь,2003,14,2003-03-31,2003-04-06,3.7,-2.4
north_foreststeppe,Северная лесостепь,2003,15,2003-04-07,2003-04-13,0.1,-0.3
north_foreststeppe,Северная лесостепь,2003,16,2003-04-14,2003-04-20,1.9,-2.8
north_foreststeppe,Северная лесостепь,2003,17,2003-04-21,2003-04-27,10.5,7.5
north_foreststeppe,Северная лесостепь,2003,18,2003-04-28,2003-05-04,7.5,6.3
north_foreststeppe,Северная лесостепь,2003,19,2003-05-05,2003-05-11,1.3,12.6
north_foreststeppe,Северная лесостепь,2003,20,2003-05-12,2003-05-18,0.0,16.5
north_foreststeppe,Северная лесостепь,2003,21,2003-05-19,2003-05-25,4.9,15.3
north_foreststeppe,Северная лесостепь,2003,22,2003-05-26,2003-06-01,4.4,13.5
north_foreststeppe,Северная лесостепь,2003,23,2003-06-02,2003-06-08,22.0,16.7
north_foreststeppe,Северная лесостепь,2003,24,2003-06-09,2003-06-15,14.2,15.7
north_foreststeppe,Северная лесостепь,2003,25,2003-06-16,2003-06-22,20.3,16.8
north_foreststeppe,Северная лесостепь,2003,26,2003-06-23,2003-06-29,1.5,20.6
north_foreststeppe,Северная лесостепь,2003,27,2003-06-30,2003-07-06,0.6,22.6
north_foreststeppe,Северная лесостепь,2003,28,2003-07-07,2003-07-13,32.8,18.1
north_foreststeppe,Северная лесостепь,2003,29,2003-07-14,2003-07-20,58.7,15.0
north_foreststeppe,Северная лесостепь,2003,30,2003-07-21,2003-07-27,3.0,13.2
north_foreststeppe,Северная лесостепь,2003,31,2003-07-28,2003-08-03,2.9,16.9
north_foreststeppe,Северная лесостепь,2003,32,2003-08-04,2003-08-10,28.7,19.8
north_foreststeppe,Северная лесостепь,2003,33,2003-08-11,2003-08-17,40.0,17.0
north_foreststeppe,Северная лесостепь,2003,34,2003-08-18,2003-08-24,0.0,19.4
north_foreststeppe,Северная лесостепь,2003,35,2003-08-25,2003-08-31,4.5,20.0
north_foreststeppe,Северная лесостепь,2003,36,2003-09-01,2003-09-07,0.0,18.8
north_foreststeppe,Северная лесостепь,2003,37,2003-09-08,2003-09-14,20.4,10.7
north_foreststeppe,Северная лесостепь,2003,38,2003-09-15,2003-09-21,0.5,11.9
north_foreststeppe,Северная лесостепь,2003,39,2003-09-22,2003-09-28,3.0,5.6
north_foreststeppe,Северная лесостепь,2003,40,2003-09-29,2003-10-05,0.0,8.2
north_foreststeppe,Северная лесостепь,2003,41,2003-10-06,2003-10-12,0.0,3.1
north_foreststeppe,Северная лесостепь,2003,42,2003-10-13,2003-10-19,1.9,4.8
north_foreststeppe,Северная лесостепь,2003,43,2003-10-20,2003-10-26,17.8,1.5
north_foreststeppe,Северная лесостепь,2003,44,2003-10-27,2003-10-31,3.6,-2.0
north_foreststeppe,Северная лесостепь,2004,10,2004-03-01,2004-03-07,11.9,-6.6
north_foreststeppe,Северная лесостепь,2004,11,2004-03-08,2004-03-14,4.3,-13.6
north_foreststeppe,Северная лесостепь,2004,12,2004-03-15,2004-03-21,0.7,-12.3
north_foreststeppe,Северная лесостепь,2004,13,2004-03-22,2004-03-28,13.8,-11.7
north_foreststeppe,Северная лесостепь,2004,14,2004-03-29,2004-04-04,8.3,0.1
north_foreststeppe,Северная лесостепь,2004,15,2004-04-05,2004-04-11,13.6,-2.1
north_foreststeppe,Северная лесостепь,2004,16,2004-04-12,2004-04-18,17.2,-0.4
north_foreststeppe,Северная лесостепь,2004,17,2004-04-19,2004-04-25,3.1,-0.3
north_foreststeppe,Северная лесостепь,2004,18,2004-04-26,2004-05-02,0.8,2.6
north_foreststeppe,Северная лесостепь,2004,19,2004-05-03,2004-05-09,3.8,8.0
north_foreststeppe,Северная лесостепь,2004,20,2004-05-10,2004-05-16,0.0,18.9
north_foreststeppe,Северная лесостепь,2004,21,2004-05-17,2004-05-23,31.9,16.9
north_foreststeppe,Северная лесостепь,2004,22,2004-05-24,2004-05-30,1.8,17.1
north_foreststeppe,Северная лесостепь,2004,23,2004-05-31,2004-06-06,12.4,18.5
north_foreststeppe,Северная лесостепь,2004,24,2004-06-07,2004-06-13,0.5,18.0
north_foreststeppe,Северная лесостепь,2004,25,2004-06-14,2004-06-20,24.7,19.1
north_foreststeppe,Северная лесостепь,2004,26,2004-06-21,2004-06-27,7.0,17.1
north_foreststeppe,Северная лесостепь,2004,27,2004-06-28,2004-07-04,54.1,16.9
north_foreststeppe,Северная лесостепь,2004,28,2004-07-05,2004-07-11,5.5,16.3
north_foreststeppe,Северная лесостепь,2004,29,2004-07-12,2004-07-18,5.9,20.2
north_foreststeppe,Северная лесостепь,2004,30,2004-07-19,2004-07-25,0.0,20.4
north_foreststeppe,Северная лесостепь,2004,31,2004-07-26,2004-08-01,0.2,22.6
north_foreststeppe,Северная лесостепь,2004,32,2004-08-02,2004-08-08,2.6,15.7
north_foreststeppe,Северная лесостепь,2004,33,2004-08-09,2004-08-15,16.2,17.0
north_foreststeppe,Северная лесостепь,2004,34,2004-08-16,2004-08-22,23.6,15.5
north_foreststeppe,Северная лесостепь,2004,35,2004-08-23,2004-08-29,1.1,15.1
north_foreststeppe,Северная лесостепь,2004,36,2004-08-30,2004-09-05,12.3,11.2
north_foreststeppe,Северная лесостепь,2004,37,2004-09-06,2004-09-12,23.9,10.2
north_foreststeppe,Северная лесостепь,2004,38,2004-09-13,2004-09-19,9.7,12.8
north_foreststeppe,Северная лесостепь,2004,39,2004-09-20,2004-09-26,16.0,6.4
north_foreststeppe,Северная лесостепь,2004,40,2004-09-27,2004-10-03,6.0,7.9
north_foreststeppe,Северная лесостепь,2004,41,2004-10-04,2004-10-10,20.3,7.1
north_foreststeppe,Северная лесостепь,2004,42,2004-10-11,2004-10-17,15.9,4.1
north_foreststeppe,Северная лесостепь,2004,43,2004-10-18,2004-10-24,5.6,-1.2
north_foreststeppe,Северная лесостепь,2004,44,2004-10-25,2004-10-31,13.4,0.6
north_foreststeppe,Северная лесостепь,2005,9,2005-03-01,2005-03-06,1.1,-8.8
north_foreststeppe,Северная лесостепь,2005,10,2005-03-07,2005-03-13,5.9,-7.9
north_foreststeppe,Северная лесостепь,2005,11,2005-03-14,2005-03-20,6.2,-3.8
north_foreststeppe,Северная лесостепь,2005,12,2005-03-21,2005-03-27,6.4,-3.9
north_foreststeppe,Северная лесостепь,2005,13,2005-03-28,2005-04-03,5.5,-3.5
north_foreststeppe,Северная лесостепь,2005,14,2005-04-04,2005-04-10,6.1,-4.0
north_foreststeppe,Северная лесостепь,2005,15,2005-04-11,2005-04-17,15.1,0.8
north_foreststeppe,Северная лесостепь,2005,16,2005-04-18,2005-04-24,1.0,10.5
north_foreststeppe,Северная лесостепь,2005,17,2005-04-25,2005-05-01,0.0,7.6
north_foreststeppe,Северная лесостепь,2005,18,2005-05-02,2005-05-08,1.3,7.9
north_foreststeppe,Северная лесостепь,2005,19,2005-05-09,2005-05-15,1.2,12.3
north_foreststeppe,Северная лесостепь,2005,20,2005-05-16,2005-05-22,3.4,16.6
north_foreststeppe,Северная лесостепь,2005,21,2005-05-23,2005-05-29,18.1,11.8
north_foreststeppe,Северная лесостепь,2005,22,2005-05-30,2005-06-05,25.8,14.0
north_foreststeppe,Северная лесостепь,2005,23,2005-06-06,2005-06-12,0.6,22.0
north_foreststeppe,Северная лесостепь,2005,24,2005-06-13,2005-06-19,24.8,17.1
north_foreststeppe,Северная лесостепь,2005,25,2005-06-20,2005-06-26,21.2,19.4
north_foreststeppe,Северная лесостепь,2005,26,2005-06-27,2005-07-03,3.0,21.3
north_foreststeppe,Северная лесостепь,2005,27,2005-07-04,2005-07-10,45.0,18.8
north_foreststeppe,Северная лесостепь,2005,28,2005-07-11,2005-07-17,27.4,16.4
north_foreststeppe,Северная лесостепь,2005,29,2005-07-18,2005-07-24,1.2,18.3
north_foreststeppe,Северная лесостепь,2005,30,2005-07-25,2005-07-31,12.3,21.8
north_foreststeppe,Северная лесостепь,2005,31,2005-08-01,2005-08-07,21.4,20.2
north_foreststeppe,Северная лесостепь,2005,32,2005-08-08,2005-08-14,2.3,14.0
north_foreststeppe,Северная лесостепь,2005,33,2005-08-15,2005-08-21,9.5,20.6
north_foreststeppe,Северная лесостепь,2005,34,2005-08-22,2005-08-28,37.6,11.3
north_foreststeppe,Северная лесостепь,2005,35,2005-08-29,2005-09-04,20.1,14.6
north_foreststeppe,Северная лесостепь,2005,36,2005-09-05,2005-09-11,27.9,13.2
north_foreststeppe,Северная лесостепь,2005,37,2005-09-12,2005-09-18,0.0,9.3
north_foreststeppe,Северная лесостепь,2005,38,2005-09-19,2005-09-25,7.7,8.8
north_foreststeppe,Северная лесостепь,2005,39,2005-09-26,2005-10-02,0.6,9.1
north_foreststeppe,Северная лесостепь,2005,40,2005-10-03,2005-10-09,2.4,5.4
north_foreststeppe,Северная лесостепь,2005,41,2005-10-10,2005-10-16,0.0,4.7
north_foreststeppe,Северная лесостепь,2005,42,2005-10-17,2005-10-23,7.9,4.8
north_foreststeppe,Северная лесостепь,2005,43,2005-10-24,2005-10-30,4.4,1.8
north_foreststeppe,Северная лесостепь,2005,44,2005-10-31,2005-10-31,2.7,-1.4
north_foreststeppe,Северная лесостепь,2006,9,2006-03-01,2006-03-05,1.5,-11.2
north_foreststeppe,Северная лесостепь,2006,10,2006-03-06,2006-03-12,7.2,-5.7
north_foreststeppe,Северная лесостепь,2006,11,2006-03-13,2006-03-19,0.6,-5.5
north_foreststeppe,Северная лесостепь,2006,12,2006-03-20,2006-03-26,1.5,-1.4
north_foreststeppe,Северная лесостепь,2006,13,2006-03-27,2006-04-02,12.4,-3.0
north_foreststeppe,Северная лесостепь,2006,14,2006-04-03,2006-04-09,2.9,-7.3
north_foreststeppe,Северная лесостепь,2006,15,2006-04-10,2006-04-16,4.4,-0.0
north_foreststeppe,Северная лесостепь,2006,16,2006-04-17,2006-04-23,7.2,4.5
north_foreststeppe,Северная лесостепь,2006,17,2006-04-24,2006-04-30,3.6,3.6
north_foreststeppe,Северная лесостепь,2006,18,2006-05-01,2006-05-07,2.8,2.4
north_foreststeppe,Северная лесостепь,2006,19,2006-05-08,2006-05-14,0.5,12.3
north_foreststeppe,Северная лесостепь,2006,20,2006-05-15,2006-05-21,8.5,10.2
north_foreststeppe,Северная лесостепь,2006,21,2006-05-22,2006-05-28,5.0,14.4
north_foreststeppe,Северная лесостепь,2006,22,2006-05-29,2006-06-04,8.3,16.7
north_foreststeppe,Северная лесостепь,2006,23,2006-06-05,2006-06-11,1.9,21.4
north_foreststeppe,Северная лесостепь,2006,24,2006-06-12,2006-06-18,14.7,19.0
north_foreststeppe,Северная лесостепь,2006,25,2006-06-19,2006-06-25,43.2,22.0
north_foreststeppe,Северная лесостепь,2006,26,2006-06-26,2006-07-02,32.6,22.0
north_foreststeppe,Северная лесостепь,2006,27,2006-07-03,2006-07-09,16.0,16.0
north_foreststeppe,Северная лесостепь,2006,28,2006-07-10,2006-07-16,6.7,19.3
north_foreststeppe,Северная лесостепь,2006,29,2006-07-17,2006-07-23,5.8,22.0
north_foreststeppe,Северная лесостепь,2006,30,2006-07-24,2006-07-30,12.4,14.7
north_foreststeppe,Северная лесостепь,2006,31,2006-07-31,2006-08-06,4.0,14.7
north_foreststeppe,Северная лесостепь,2006,32,2006-08-07,2006-08-13,14.7,15.3
north_foreststeppe,Северная лесостепь,2006,33,2006-08-14,2006-08-20,37.7,13.9
north_foreststeppe,Северная лесостепь,2006,34,2006-08-21,2006-08-27,8.2,14.8
north_foreststeppe,Северная лесостепь,2006,35,2006-08-28,2006-09-03,11.7,13.6
north_foreststeppe,Северная лесостепь,2006,36,2006-09-04,2006-09-10,0.0,14.8
north_foreststeppe,Северная лесостепь,2006,37,2006-09-11,2006-09-17,22.3,12.7
north_foreststeppe,Северная лесостепь,2006,38,2006-09-18,2006-09-24,22.5,7.3
north_foreststeppe,Северная лесостепь,2006,39,2006-09-25,2006-10-01,3.2,6.3
north_foreststeppe,Северная лесостепь,2006,40,2006-10-02,2006-10-08,22.4,2.2
north_foreststeppe,Северная лесостепь,2006,41,2006-10-09,2006-10-15,30.8,-0.3
north_foreststeppe,Северная лесостепь,2006,42,2006-10-16,2006-10-22,5.8,-1.1
north_foreststeppe,Северная лесостепь,2006,43,2006-10-23,2006-10-29,5.3,4.2
north_foreststeppe,Северная лесостепь,2006,44,2006-10-30,2006-10-31,0.0,4.5
north_foreststeppe,Северная лесостепь,2007,9,2007-03-01,2007-03-04,0.0,-16.0
north_foreststeppe,Северная лесостепь,2007,10,2007-03-05,2007-03-11,0.3,-10.4
north_foreststeppe,Северная лесостепь,2007,11,2007-03-12,2007-03-18,1.9,-11.1
north_foreststeppe,Северная лесостепь,2007,12,2007-03-19,2007-03-25,3.9,-0.6
north_foreststeppe,Северная лесостепь,2007,13,2007-03-26,2007-04-01,5.8,-2.4
north_foreststeppe,Северная лесостепь,2007,14,2007-04-02,2007-04-08,6.8,0.3
north_foreststeppe,Северная лесостепь,2007,15,2007-04-09,2007-04-15,11.8,3.0
north_foreststeppe,Северная лесостепь,2007,16,2007-04-16,2007-04-22,16.2,6.2
north_foreststeppe,Северная лесостепь,2007,17,2007-04-23,2007-04-29,18.4,10.3
north_foreststeppe,Северная лесостепь,2007,18,2007-04-30,2007-05-06,18.9,9.0
north_foreststeppe,Северная лесостепь,2007,19,2007-05-07,2007-05-13,37.4,9.1
north_foreststeppe,Северная лесостепь,2007,20,2007-05-14,2007-05-20,23.6,12.0
north_foreststeppe,Северная лесостепь,2007,21,2007-05-21,2007-05-27,20.9,11.4
north_foreststeppe,Северная лесостепь,2007,22,2007-05-28,2007-06-03,13.0,10.7
north_foreststeppe,Северная лесостепь,2007,23,2007-06-04,2007-06-10,23.4,9.8
north_foreststeppe,Северная лесостепь,2007,24,2007-06-11,2007-06-17,31.7,13.6
north_foreststeppe,Северная лесостепь,2007,25,2007-06-18,2007-06-24,20.9,20.1
north_foreststeppe,Северная лесостепь,2007,26,2007-06-25,2007-07-01,14.2,18.4
north_foreststeppe,Северная лесостепь,2007,27,2007-07-02,2007-07-08,38.2,21.0
north_foreststeppe,Северная лесостепь,2007,28,2007-07-09,2007-07-15,5.8,22.5
north_foreststeppe,Северная лесостепь,2007,29,2007-07-16,2007-07-22,20.8,20.3
north_foreststeppe,Северная лесостепь,2007,30,2007-07-23,2007-07-29,7.5,16.3
north_foreststeppe,Северная лесостепь,2007,31,2007-07-30,2007-08-05,13.1,20.1
north_foreststeppe,Северная лесостепь,2007,32,2007-08-06,2007-08-12,47.3,15.2
north_foreststeppe,Северная лесостепь,2007,33,2007-08-13,2007-08-19,1.8,12.4
north_foreststeppe,Северная лесостепь,2007,34,2007-08-20,2007-08-26,15.0,16.1
north_foreststeppe,Северная лесостепь,2007,35,2007-08-27,2007-09-02,4.6,21.6
north_foreststeppe,Северная лесостепь,2007,36,2007-09-03,2007-09-09,17.3,14.3
north_foreststeppe,Северная лесостепь,2007,37,2007-09-10,2007-09-16,1.8,13.4
north_foreststeppe,Северная лесостепь,2007,38,2007-09-17,2007-09-23,1.2,8.9
north_foreststeppe,Северная лесостепь,2007,39,2007-09-24,2007-09-30,3.9,8.7
north_foreststeppe,Северная лесостепь,2007,40,2007-10-01,2007-10-07,2.7,6.2
north_foreststeppe,Северная лесостепь,2007,41,2007-10-08,2007-10-14,3.7,5.4
north_foreststeppe,Северная лесостепь,2007,42,2007-10-15,2007-10-21,3.9,6.2
north_foreststeppe,Северная лесостепь,2007,43,2007-10-22,2007-10-28,7.0,0.9
north_foreststeppe,Северная лесостепь,2007,44,2007-10-29,2007-10-31,0.1,2.9
north_foreststeppe,Северная лесостепь,2008,9,2008-03-01,2008-03-02,1.0,-0.6
north_foreststeppe,Северная лесостепь,2008,10,2008-03-03,2008-03-09,7.9,-3.6
north_foreststeppe,Северная лесостепь,2008,11,2008-03-10,2008-03-16,0.0,-8.9
north_foreststeppe,Северная лесостепь,2008,12,2008-03-17,2008-03-23,11.4,-3.8
north_foreststeppe,Северная лесостепь,2008,13,2008-03-24,2008-03-30,0.0,-0.1
north_foreststeppe,Северная лесостепь,2008,14,2008-03-31,2008-04-06,0.1,0.9
north_foreststeppe,Северная лесостепь,2008,15,2008-04-07,2008-04-13,0.3,6.5
north_foreststeppe,Северная лесостепь,2008,16,2008-04-14,2008-04-20,0.4,-1.9
north_foreststeppe,Северная лесостепь,2008,17,2008-04-21,2008-04-27,12.3,8.7
north_foreststeppe,Северная лесостепь,2008,18,2008-04-28,2008-05-04,4.9,2.1
north_foreststeppe,Северная лесостепь,2008,19,2008-05-05,2008-05-11,8.2,11.7
north_foreststeppe,Северная лесостепь,2008,20,2008-05-12,2008-05-18,0.6,16.2
north_foreststeppe,Северная лесостепь,2008,21,2008-05-19,2008-05-25,11.0,11.0
north_foreststeppe,Северная лесостепь,2008,22,2008-05-26,2008-06-01,9.4,14.1
north_foreststeppe,Северная лесостепь,2008,23,2008-06-02,2008-06-08,32.3,14.6
north_foreststeppe,Северная лесостепь,2008,24,2008-06-09,2008-06-15,16.0,14.0
north_foreststeppe,Северная лесостепь,2008,25,2008-06-16,2008-06-22,0.3,19.0
north_foreststeppe,Северная лесостепь,2008,26,2008-06-23,2008-06-29,9.1,18.9
north_foreststeppe,Северная лесостепь,2008,27,2008-06-30,2008-07-06,24.4,18.1
north_foreststeppe,Северная лесостепь,2008,28,2008-07-07,2008-07-13,1.9,22.1
north_foreststeppe,Северная лесостепь,2008,29,2008-07-14,2008-07-20,10.2,22.7
north_foreststeppe,Северная лесостепь,2008,30,2008-07-21,2008-07-27,4.8,21.5
north_foreststeppe,Северная лесостепь,2008,31,2008-07-28,2008-08-03,7.6,20.3
north_foreststeppe,Северная лесостепь,2008,32,2008-08-04,2008-08-10,16.0,17.3
north_foreststeppe,Северная лесостепь,2008,33,2008-08-11,2008-08-17,2.7,18.4
north_foreststeppe,Северная лесостепь,2008,34,2008-08-18,2008-08-24,9.4,13.8
north_foreststeppe,Северная лесостепь,2008,35,2008-08-25,2008-08-31,9.2,17.2
north_foreststeppe,Северная лесостепь,2008,36,2008-09-01,2008-09-07,1.4,13.2
north_foreststeppe,Северная лесостепь,2008,37,2008-09-08,2008-09-14,18.7,10.5
north_foreststeppe,Северная лесостепь,2008,38,2008-09-15,2008-09-21,11.5,5.5
north_foreststeppe,Северная лесостепь,2008,39,2008-09-22,2008-09-28,9.8,6.7
north_foreststeppe,Северная лесостепь,2008,40,2008-09-29,2008-10-05,0.0,7.0
north_foreststeppe,Северная лесостепь,2008,41,2008-10-06,2008-10-12,5.6,8.3
north_foreststeppe,Северная лесостепь,2008,42,2008-10-13,2008-10-19,10.4,2.2
north_foreststeppe,Северная лесостепь,2008,43,2008-10-20,2008-10-26,0.0,2.3
north_foreststeppe,Северная лесостепь,2008,44,2008-10-27,2008-10-31,0.0,3.7
north_foreststeppe,Северная лесостепь,2009,9,2009-03-01,2009-03-01,0.0,-13.7
north_foreststeppe,Северная лесостепь,2009,10,2009-03-02,2009-03-08,0.0,-9.9
north_foreststeppe,Северная лесостепь,2009,11,2009-03-09,2009-03-15,2.1,-6.1
north_foreststeppe,Северная лесостепь,2009,12,2009-03-16,2009-03-22,0.1,-8.9
north_foreststeppe,Северная лесостепь,2009,13,2009-03-23,2009-03-29,0.0,-0.7
north_foreststeppe,Северная лесостепь,2009,14,2009-03-30,2009-04-05,5.3,5.5
north_foreststeppe,Северная лесостепь,2009,15,2009-04-06,2009-04-12,15.1,-1.1
north_foreststeppe,Северная лесостепь,2009,16,2009-04-13,2009-04-19,2.5,1.8
north_foreststeppe,Северная лесостепь,2009,17,2009-04-20,2009-04-26,4.3,7.1
north_foreststeppe,Северная лесостепь,2009,18,2009-04-27,2009-05-03,13.4,5.8
north_foreststeppe,Северная лесостепь,2009,19,2009-05-04,2009-05-10,0.0,9.7
north_foreststeppe,Северная лесостепь,2009,20,2009-05-11,2009-05-17,4.9,15.7
north_foreststeppe,Северная лесостепь,2009,21,2009-05-18,2009-05-24,44.7,6.3
north_foreststeppe,Северная лесостепь,2009,22,2009-05-25,2009-05-31,0.4,15.0
north_foreststeppe,Северная лесостепь,2009,23,2009-06-01,2009-06-07,0.8,16.8
north_foreststeppe,Северная лесостепь,2009,24,2009-06-08,2009-06-14,10.0,18.1
north_foreststeppe,Северная лесостепь,2009,25,2009-06-15,2009-06-21,19.7,16.3
north_foreststeppe,Северная лесостепь,2009,26,2009-06-22,2009-06-28,19.1,12.4
north_foreststeppe,Северная лесостепь,2009,27,2009-06-29,2009-07-05,18.7,14.2
north_foreststeppe,Северная лесостепь,2009,28,2009-07-06,2009-07-12,9.2,21.1
north_foreststeppe,Северная лесостепь,2009,29,2009-07-13,2009-07-19,39.2,19.3
north_foreststeppe,Северная лесостепь,2009,30,2009-07-20,2009-07-26,20.9,16.2
north_foreststeppe,Северная лесостепь,2009,31,2009-07-27,2009-08-02,14.9,16.3
north_foreststeppe,Северная лесостепь,2009,32,2009-08-03,2009-08-09,41.5,17.2
north_foreststeppe,Северная лесостепь,2009,33,2009-08-10,2009-08-16,5.7,13.4
north_foreststeppe,Северная лесостепь,2009,34,2009-08-17,2009-08-23,0.4,18.2
north_foreststeppe,Северная лесостепь,2009,35,2009-08-24,2009-08-30,2.5,17.8
north_foreststeppe,Северная лесостепь,2009,36,2009-08-31,2009-09-06,25.0,11.1
north_foreststeppe,Северная лесостепь,2009,37,2009-09-07,2009-09-13,2.9,13.7
north_foreststeppe,Северная лесостепь,2009,38,2009-09-14,2009-09-20,1.7,9.5
north_foreststeppe,Северная лесостепь,2009,39,2009-09-21,2009-09-27,9.5,9.6
north_foreststeppe,Северная лесостепь,2009,40,2009-09-28,2009-10-04,3.1,11.3
north_foreststeppe,Северная лесостепь,2009,41,2009-10-05,2009-10-11,6.7,6.8
north_foreststeppe,Северная лесостепь,2009,42,2009-10-12,2009-10-18,3.5,4.6
north_foreststeppe,Северная лесостепь,2009,43,2009-10-19,2009-10-25,4.5,2.1
north_foreststeppe,Северная лесостепь,2009,44,2009-10-26,2009-10-31,0.0,-4.3
north_foreststeppe,Северная лесостепь,2010,9,2010-03-01,2010-03-07,0.0,-15.2
north_foreststeppe,Северная лесостепь,2010,10,2010-03-08,2010-03-14,5.5,-7.6
north_foreststeppe,Северная лесостепь,2010,11,2010-03-15,2010-03-21,1.5,-7.3
north_foreststeppe,Северная лесостепь,2010,12,2010-03-22,2010-03-28,11.7,-5.9
north_foreststeppe,Северная лесостепь,2010,13,2010-03-29,2010-04-04,0.0,-1.7
north_foreststeppe,Северная лесостепь,2010,14,2010-04-05,2010-04-11,0.0,-3.2
north_foreststeppe,Северная лесостепь,2010,15,2010-04-12,2010-04-18,2.3,2.1
north_foreststeppe,Северная лесостепь,2010,16,2010-04-19,2010-04-25,2.5,10.0
north_foreststeppe,Северная лесостепь,2010,17,2010-04-26,2010-05-02,8.5,10.5
north_foreststeppe,Северная лесостепь,2010,18,2010-05-03,2010-05-09,6.5,10.1
north_foreststeppe,Северная лесостепь,2010,19,2010-05-10,2010-05-16,3.0,10.1
north_foreststeppe,Северная лесостепь,2010,20,2010-05-17,2010-05-23,2.9,6.1
north_foreststeppe,Северная лесостепь,2010,21,2010-05-24,2010-05-30,20.0,14.0
north_foreststeppe,Северная лесостепь,2010,22,2010-05-31,2010-06-06,10.3,14.6
north_foreststeppe,Северная лесостепь,2010,23,2010-06-07,2010-06-13,11.0,15.8
north_foreststeppe,Северная лесостепь,2010,24,2010-06-14,2010-06-20,11.3,20.6
north_foreststeppe,Северная лесостепь,2010,25,2010-06-21,2010-06-27,10.1,15.5
north_foreststeppe,Северная лесостепь,2010,26,2010-06-28,2010-07-04,0.4,18.3
north_foreststeppe,Северная лесостепь,2010,27,2010-07-05,2010-07-11,15.8,14.0
north_foreststeppe,Северная лесостепь,2010,28,2010-07-12,2010-07-18,6.8,21.3
north_foreststeppe,Северная лесостепь,2010,29,2010-07-19,2010-07-25,0.0,18.0
north_foreststeppe,Северная лесостепь,2010,30,2010-07-26,2010-08-01,13.3,15.9
north_foreststeppe,Северная лесостепь,2010,31,2010-08-02,2010-08-08,2.2,22.2
north_foreststeppe,Северная лесостепь,2010,32,2010-08-09,2010-08-15,12.5,15.8
north_foreststeppe,Северная лесостепь,2010,33,2010-08-16,2010-08-22,10.2,18.0
north_foreststeppe,Северная лесостепь,2010,34,2010-08-23,2010-08-29,17.4,16.4
north_foreststeppe,Северная лесостепь,2010,35,2010-08-30,2010-09-05,1.2,16.6
north_foreststeppe,Северная лесостепь,2010,36,2010-09-06,2010-09-12,14.0,8.2
north_foreststeppe,Северная лесостепь,2010,37,2010-09-13,2010-09-19,5.2,6.8
north_foreststeppe,Северная лесостепь,2010,38,2010-09-20,2010-09-26,0.6,13.1
north_foreststeppe,Северная лесостепь,2010,39,2010-09-27,2010-10-03,16.1,8.4
north_foreststeppe,Северная лесостепь,2010,40,2010-10-04,2010-10-10,2.6,4.9
north_foreststeppe,Северная лесостепь,2010,41,2010-10-11,2010-10-17,5.1,6.4
north_foreststeppe,Северная лесостепь,2010,42,2010-10-18,2010-10-24,0.0,1.7
north_foreststeppe,Северная лесостепь,2010,43,2010-10-25,2010-10-31,0.3,1.9
north_foreststeppe,Северная лесостепь,2011,9,2011-03-01,2011-03-06,0.0,-15.7
north_foreststeppe,Северная лесостепь,2011,10,2011-03-07,2011-03-13,2.6,-7.7
north_foreststeppe,Северная лесостепь,2011,11,2011-03-14,2011-03-20,12.5,-7.2
north_foreststeppe,Северная лесостепь,2011,12,2011-03-21,2011-03-27,3.1,-4.5
north_foreststeppe,Северная лесостепь,2011,13,2011-03-28,2011-04-03,3.2,-4.6
north_foreststeppe,Северная лесостепь,2011,14,2011-04-04,2011-04-10,5.4,1.0
north_foreststeppe,Северная лесостепь,2011,15,2011-04-11,2011-04-17,3.7,6.4
north_foreststeppe,Северная лесостепь,2011,16,2011-04-18,2011-04-24,27.4,8.7
north_foreststeppe,Северная лесостепь,2011,17,2011-04-25,2011-05-01,9.2,7.1
north_foreststeppe,Северная лесостепь,2011,18,2011-05-02,2011-05-08,2.7,7.6
north_foreststeppe,Северная лесостепь,2011,19,2011-05-09,2011-05-15,9.8,9.7
north_foreststeppe,Северная лесостепь,2011,20,2011-05-16,2011-05-22,4.6,11.4
north_foreststeppe,Северная лесостепь,2011,21,2011-05-23,2011-05-29,37.3,10.4
north_foreststeppe,Северная лесостепь,2011,22,2011-05-30,2011-06-05,22.9,17.5
north_foreststeppe,Северная лесостепь,2011,23,2011-06-06,2011-06-12,26.2,20.8
north_foreststeppe,Северная лесостепь,2011,24,2011-06-13,2011-06-19,7.5,16.9
north_foreststeppe,Северная лесостепь,2011,25,2011-06-20,2011-06-26,22.4,17.3
north_foreststeppe,Северная лесостепь,2011,26,2011-06-27,2011-07-03,0.0,18.2
north_foreststeppe,Северная лесостепь,2011,27,2011-07-04,2011-07-10,6.3,17.9
north_foreststeppe,Северная лесостепь,2011,28,2011-07-11,2011-07-17,7.8,16.0
north_foreststeppe,Северная лесостепь,2011,29,2011-07-18,2011-07-24,11.2,17.8
north_foreststeppe,Северная лесостепь,2011,30,2011-07-25,2011-07-31,6.3,18.0
north_foreststeppe,Северная лесостепь,2011,31,2011-08-01,2011-08-07,19.9,14.6
north_foreststeppe,Северная лесостепь,2011,32,2011-08-08,2011-08-14,0.9,20.0
north_foreststeppe,Северная лесостепь,2011,33,2011-08-15,2011-08-21,15.3,15.2
north_foreststeppe,Северная лесостепь,2011,34,2011-08-22,2011-08-28,29.6,10.4
north_foreststeppe,Северная лесостепь,2011,35,2011-08-29,2011-09-04,5.7,13.9
north_foreststeppe,Северная лесостепь,2011,36,2011-09-05,2011-09-11,1.4,12.8
north_foreststeppe,Северная лесостепь,2011,37,2011-09-12,2011-09-18,0.0,12.8
north_foreststeppe,Северная лесостепь,2011,38,2011-09-19,2011-09-25,2.6,12.5
north_foreststeppe,Северная лесостепь,2011,39,2011-09-26,2011-10-02,1.4,11.7
north_foreststeppe,Северная лесостепь,2011,40,2011-10-03,2011-10-09,18.1,9.2
north_foreststeppe,Северная лесостепь,2011,41,2011-10-10,2011-10-16,0.0,10.1
north_foreststeppe,Северная лесостепь,2011,42,2011-10-17,2011-10-23,0.7,4.2
north_foreststeppe,Северная лесостепь,2011,43,2011-10-24,2011-10-30,8.7,-0.5
north_foreststeppe,Северная лесостепь,2011,44,2011-10-31,2011-10-31,1.9,-6.4
north_foreststeppe,Северная лесостепь,2012,9,2012-03-01,2012-03-04,0.0,-11.5
north_foreststeppe,Северная лесостепь,2012,10,2012-03-05,2012-03-11,0.0,-6.2
north_foreststeppe,Северная лесостепь,2012,11,2012-03-12,2012-03-18,3.5,-6.9
north_foreststeppe,Северная лесостепь,2012,12,2012-03-19,2012-03-25,11.8,-2.8
north_foreststeppe,Северная лесостепь,2012,13,2012-03-26,2012-04-01,7.4,-2.7
north_foreststeppe,Северная лесостепь,2012,14,2012-04-02,2012-04-08,4.2,3.9
north_foreststeppe,Северная лесостепь,2012,15,2012-04-09,2012-04-15,1.6,8.2
north_foreststeppe,Северная лесостепь,2012,16,2012-04-16,2012-04-22,0.3,9.2
north_foreststeppe,Северная лесостепь,2012,17,2012-04-23,2012-04-29,10.3,7.8
north_foreststeppe,Северная лесостепь,2012,18,2012-04-30,2012-05-06,33.1,5.3
north_foreststeppe,Северная лесостепь,2012,19,2012-05-07,2012-05-13,13.9,8.7
north_foreststeppe,Северная лесостепь,2012,20,2012-05-14,2012-05-20,5.4,11.3
north_foreststeppe,Северная лесостепь,2012,21,2012-05-21,2012-05-27,8.2,12.4
north_foreststeppe,Северная лесостепь,2012,22,2012-05-28,2012-06-03,0.0,20.9
north_foreststeppe,Северная лесостепь,2012,23,2012-06-04,2012-06-10,23.6,19.7
north_foreststeppe,Северная лесостепь,2012,24,2012-06-11,2012-06-17,27.1,19.3
north_foreststeppe,Северная лесостепь,2012,25,2012-06-18,2012-06-24,2.6,21.7
north_foreststeppe,Северная лесостепь,2012,26,2012-06-25,2012-07-01,37.7,20.9
north_foreststeppe,Северная лесостепь,2012,27,2012-07-02,2012-07-08,11.5,20.7
north_foreststeppe,Северная лесостепь,2012,28,2012-07-09,2012-07-15,2.1,20.5
north_foreststeppe,Северная лесостепь,2012,29,2012-07-16,2012-07-22,2.0,26.9
north_foreststeppe,Северная лесостепь,2012,30,2012-07-23,2012-07-29,23.9,22.0
north_foreststeppe,Северная лесостепь,2012,31,2012-07-30,2012-08-05,5.0,20.3
north_foreststeppe,Северная лесостепь,2012,32,2012-08-06,2012-08-12,0.3,20.5
north_foreststeppe,Северная лесостепь,2012,33,2012-08-13,2012-08-19,9.4,16.4
north_foreststeppe,Северная лесостепь,2012,34,2012-08-20,2012-08-26,15.5,14.6
north_foreststeppe,Северная лесостепь,2012,35,2012-08-27,2012-09-02,3.2,16.6
north_foreststeppe,Северная лесостепь,2012,36,2012-09-03,2012-09-09,9.6,13.0
north_foreststeppe,Северная лесостепь,2012,37,2012-09-10,2012-09-16,9.9,13.6
north_foreststeppe,Северная лесостепь,2012,38,2012-09-17,2012-09-23,18.9,10.2
north_foreststeppe,Северная лесостепь,2012,39,2012-09-24,2012-09-30,0.2,9.2
north_foreststeppe,Северная лесостепь,2012,40,2012-10-01,2012-10-07,8.1,6.7
north_foreststeppe,Северная лесостепь,2012,41,2012-10-08,2012-10-14,1.4,6.9
north_foreststeppe,Северная лесостепь,2012,42,2012-10-15,2012-10-21,23.9,4.6
north_foreststeppe,Северная лесостепь,2012,43,2012-10-22,2012-10-28,4.8,-1.6
north_foreststeppe,Северная лесостепь,2012,44,2012-10-29,2012-10-31,0.9,1.8
north_foreststeppe,Северная лесостепь,2013,9,2013-03-01,2013-03-03,5.1,-11.3
north_foreststeppe,Северная лесостепь,2013,10,2013-03-04,2013-03-10,9.6,-13.7
north_foreststeppe,Северная лесостепь,2013,11,2013-03-11,2013-03-17,18.4,-8.2
north_foreststeppe,Северная лесостепь,2013,12,2013-03-18,2013-03-24,2.5,-7.5
north_foreststeppe,Северная лесостепь,2013,13,2013-03-25,2013-03-31,15.7,-5.0
north_foreststeppe,Северная лесостепь,2013,14,2013-04-01,2013-04-07,1.8,-1.3
north_foreststeppe,Северная лесостепь,2013,15,2013-04-08,2013-04-14,0.2,2.7
north_foreststeppe,Северная лесостепь,2013,16,2013-04-15,2013-04-21,4.6,2.5
north_foreststeppe,Северная лесостепь,2013,17,2013-04-22,2013-04-28,14.5,8.8
north_foreststeppe,Северная лесостепь,2013,18,2013-04-29,2013-05-05,21.8,6.3
north_foreststeppe,Северная лесостепь,2013,19,2013-05-06,2013-05-12,16.5,7.7
north_foreststeppe,Северная лесостепь,2013,20,2013-05-13,2013-05-19,13.4,7.1
north_foreststeppe,Северная лесостепь,2013,21,2013-05-20,2013-05-26,12.6,9.1
north_foreststeppe,Северная лесостепь,2013,22,2013-05-27,2013-06-02,1.1,10.5
north_foreststeppe,Северная лесостепь,2013,23,2013-06-03,2013-06-09,11.3,13.2
north_foreststeppe,Северная лесостепь,2013,24,2013-06-10,2013-06-16,7.5,14.9
north_foreststeppe,Северная лесостепь,2013,25,2013-06-17,2013-06-23,2.2,18.1
north_foreststeppe,Северная лесостепь,2013,26,2013-06-24,2013-06-30,0.3,16.8
north_foreststeppe,Северная лесостепь,2013,27,2013-07-01,2013-07-07,5.4,16.9
north_foreststeppe,Северная лесостепь,2013,28,2013-07-08,2013-07-14,9.4,19.1
north_foreststeppe,Северная лесостепь,2013,29,2013-07-15,2013-07-21,64.1,18.4
north_foreststeppe,Северная лесостепь,2013,30,2013-07-22,2013-07-28,4.3,21.1
north_foreststeppe,Северная лесостепь,2013,31,2013-07-29,2013-08-04,9.6,20.2
north_foreststeppe,Северная лесостепь,2013,32,2013-08-05,2013-08-11,8.0,19.0
north_foreststeppe,Северная лесостепь,2013,33,2013-08-12,2013-08-18,1.5,17.9
north_foreststeppe,Северная лесостепь,2013,34,2013-08-19,2013-08-25,8.9,15.9
north_foreststeppe,Северная лесостепь,2013,35,2013-08-26,2013-09-01,17.4,13.9
north_foreststeppe,Северная лесостепь,2013,36,2013-09-02,2013-09-08,0.3,15.5
north_foreststeppe,Северная лесостепь,2013,37,2013-09-09,2013-09-15,7.4,10.7
north_foreststeppe,Северная лесостепь,2013,38,2013-09-16,2013-09-22,0.8,5.3
north_foreststeppe,Северная лесостепь,2013,39,2013-09-23,2013-09-29,8.2,8.7
north_foreststeppe,Северная лесостепь,2013,40,2013-09-30,2013-10-06,8.2,3.8
north_foreststeppe,Северная лесостепь,2013,41,2013-10-07,2013-10-13,7.0,1.0
north_foreststeppe,Северная лесостепь,2013,42,2013-10-14,2013-10-20,4.6,1.9
north_foreststeppe,Северная лесостепь,2013,43,2013-10-21,2013-10-27,9.1,-1.4
north_foreststeppe,Северная лесостепь,2013,44,2013-10-28,2013-10-31,1.9,5.6
north_foreststeppe,Северная лесостепь,2014,9,2014-03-01,2014-03-02,0.0,-7.0
north_foreststeppe,Северная лесостепь,2014,10,2014-03-03,2014-03-09,0.0,-9.7
north_foreststeppe,Северная лесостепь,2014,11,2014-03-10,2014-03-16,6.3,-1.6
north_foreststeppe,Северная лесостепь,2014,12,2014-03-17,2014-03-23,7.0,-0.2
north_foreststeppe,Северная лесостепь,2014,13,2014-03-24,2014-03-30,7.6,-0.6
north_foreststeppe,Северная лесостепь,2014,14,2014-03-31,2014-04-06,7.2,1.8
north_foreststeppe,Северная лесостепь,2014,15,2014-04-07,2014-04-13,11.1,0.7
north_foreststeppe,Северная лесостепь,2014,16,2014-04-14,2014-04-20,0.1,7.4
north_foreststeppe,Северная лесостепь,2014,17,2014-04-21,2014-04-27,4.1,4.0
north_foreststeppe,Северная лесостепь,2014,18,2014-04-28,2014-05-04,4.8,9.9
north_foreststeppe,Северная лесостепь,2014,19,2014-05-05,2014-05-11,3.2,9.1
north_foreststeppe,Северная лесостепь,2014,20,2014-05-12,2014-05-18,4.5,15.8
north_foreststeppe,Северная лесостепь,2014,21,2014-05-19,2014-05-25,15.4,10.2
north_foreststeppe,Северная лесостепь,2014,22,2014-05-26,2014-06-01,5.8,7.2
north_foreststeppe,Северная лесостепь,2014,23,2014-06-02,2014-06-08,5.0,11.2
north_foreststeppe,Северная лесостепь,2014,24,2014-06-09,2014-06-15,3.3,16.0
north_foreststeppe,Северная лесостепь,2014,25,2014-06-16,2014-06-22,6.2,19.6
north_foreststeppe,Северная лесостепь,2014,26,2014-06-23,2014-06-29,5.4,21.8
north_foreststeppe,Северная лесостепь,2014,27,2014-06-30,2014-07-06,54.6,19.0
north_foreststeppe,Северная лесостепь,2014,28,2014-07-07,2014-07-13,28.4,17.8
north_foreststeppe,Северная лесостепь,2014,29,2014-07-14,2014-07-20,19.2,13.6
north_foreststeppe,Северная лесостепь,2014,30,2014-07-21,2014-07-27,17.5,14.7
north_foreststeppe,Северная лесостепь,2014,31,2014-07-28,2014-08-03,1.0,15.9
north_foreststeppe,Северная лесостепь,2014,32,2014-08-04,2014-08-10,6.0,19.1
north_foreststeppe,Северная лесостепь,2014,33,2014-08-11,2014-08-17,27.3,17.9
north_foreststeppe,Северная лесостепь,2014,34,2014-08-18,2014-08-24,3.8,21.0
north_foreststeppe,Северная лесостепь,2014,35,2014-08-25,2014-08-31,6.4,15.7
north_foreststeppe,Северная лесостепь,2014,36,2014-09-01,2014-09-07,2.9,12.2
north_foreststeppe,Северная лесостепь,2014,37,2014-09-08,2014-09-14,17.9,8.8
north_foreststeppe,Северная лесостепь,2014,38,2014-09-15,2014-09-21,14.6,6.1
north_foreststeppe,Северная лесостепь,2014,39,2014-09-22,2014-09-28,0.1,7.6
north_foreststeppe,Северная лесостепь,2014,40,2014-09-29,2014-10-05,16.2,5.2
north_foreststeppe,Северная лесостепь,2014,41,2014-10-06,2014-10-12,5.3,0.7
north_foreststeppe,Северная лесостепь,2014,42,2014-10-13,2014-10-19,8.8,-2.3
north_foreststeppe,Северная лесостепь,2014,43,2014-10-20,2014-10-26,23.2,-5.3
north_foreststeppe,Северная лесостепь,2014,44,2014-10-27,2014-10-31,3.9,-4.0
north_foreststeppe,Северная лесостепь,2015,9,2015-03-01,2015-03-01,0.0,-4.2
north_foreststeppe,Северная лесостепь,2015,10,2015-03-02,2015-03-08,0.0,-11.7
north_foreststeppe,Северная лесостепь,2015,11,2015-03-09,2015-03-15,10.5,-5.5
north_foreststeppe,Северная лесостепь,2015,12,2015-03-16,2015-03-22,1.0,-2.2
north_foreststeppe,Северная лесостепь,2015,13,2015-03-23,2015-03-29,2.5,-6.6
north_foreststeppe,Северная лесостепь,2015,14,2015-03-30,2015-04-05,0.0,-3.1
north_foreststeppe,Северная лесостепь,2015,15,2015-04-06,2015-04-12,8.6,1.7
north_foreststeppe,Северная лесостепь,2015,16,2015-04-13,2015-04-19,6.2,4.3
north_foreststeppe,Северная лесостепь,2015,17,2015-04-20,2015-04-26,12.5,8.3
north_foreststeppe,Северная лесостепь,2015,18,2015-04-27,2015-05-03,6.7,7.6
north_foreststeppe,Северная лесостепь,2015,19,2015-05-04,2015-05-10,15.6,12.7
north_foreststeppe,Северная лесостепь,2015,20,2015-05-11,2015-05-17,1.6,13.1
north_foreststeppe,Северная лесостепь,2015,21,2015-05-18,2015-05-24,9.9,11.6
north_foreststeppe,Северная лесостепь,2015,22,2015-05-25,2015-05-31,1.7,13.4
north_foreststeppe,Северная лесостепь,2015,23,2015-06-01,2015-06-07,13.8,21.9
north_foreststeppe,Северная лесостепь,2015,24,2015-06-08,2015-06-14,35.7,15.3
north_foreststeppe,Северная лесостепь,2015,25,2015-06-15,2015-06-21,12.6,19.8
north_foreststeppe,Северная лесостепь,2015,26,2015-06-22,2015-06-28,0.8,19.6
north_foreststeppe,Северная лесостепь,2015,27,2015-06-29,2015-07-05,20.6,20.0
north_foreststeppe,Северная лесостепь,2015,28,2015-07-06,2015-07-12,14.1,14.3
north_foreststeppe,Северная лесостепь,2015,29,2015-07-13,2015-07-19,1.6,21.3
north_foreststeppe,Северная лесостепь,2015,30,2015-07-20,2015-07-26,16.1,18.7
north_foreststeppe,Северная лесостепь,2015,31,2015-07-27,2015-08-02,20.6,18.1
north_foreststeppe,Северная лесостепь,2015,32,2015-08-03,2015-08-09,14.5,15.0
north_foreststeppe,Северная лесостепь,2015,33,2015-08-10,2015-08-16,26.8,15.0
north_foreststeppe,Северная лесостепь,2015,34,2015-08-17,2015-08-23,17.2,15.6
north_foreststeppe,Северная лесостепь,2015,35,2015-08-24,2015-08-30,22.1,10.3
north_foreststeppe,Северная лесостепь,2015,36,2015-08-31,2015-09-06,5.3,13.2
north_foreststeppe,Северная лесостепь,2015,37,2015-09-07,2015-09-13,32.9,14.0
north_foreststeppe,Северная лесостепь,2015,38,2015-09-14,2015-09-20,1.2,7.0
north_foreststeppe,Северная лесостепь,2015,39,2015-09-21,2015-09-27,4.0,4.8
north_foreststeppe,Северная лесостепь,2015,40,2015-09-28,2015-10-04,11.0,8.8
north_foreststeppe,Северная лесостепь,2015,41,2015-10-05,2015-10-11,1.9,5.5
north_foreststeppe,Северная лесостепь,2015,42,2015-10-12,2015-10-18,9.7,-1.3
north_foreststeppe,Северная лесостепь,2015,43,2015-10-19,2015-10-25,15.6,-3.2
north_foreststeppe,Северная лесостепь,2015,44,2015-10-26,2015-10-31,13.5,-0.6
north_foreststeppe,Северная лесостепь,2016,9,2016-03-01,2016-03-06,4.8,-6.6
north_foreststeppe,Северная лесостепь,2016,10,2016-03-07,2016-03-13,4.7,-7.8
north_foreststeppe,Северная лесостепь,2016,11,2016-03-14,2016-03-20,11.5,-6.2
north_foreststeppe,Северная лесостепь,2016,12,2016-03-21,2016-03-27,10.4,-1.2
north_foreststeppe,Северная лесостепь,2016,13,2016-03-28,2016-04-03,0.9,0.8
north_foreststeppe,Северная лесостепь,2016,14,2016-04-04,2016-04-10,7.7,2.2
north_foreststeppe,Северная лесостепь,2016,15,2016-04-11,2016-04-17,5.0,6.4
north_foreststeppe,Северная лесостепь,2016,16,2016-04-18,2016-04-24,12.3,13.2
north_foreststeppe,Северная лесостепь,2016,17,2016-04-25,2016-05-01,4.1,7.3
north_foreststeppe,Северная лесостепь,2016,18,2016-05-02,2016-05-08,5.9,6.6
north_foreststeppe,Северная лесостепь,2016,19,2016-05-09,2016-05-15,6.2,7.8
north_foreststeppe,Северная лесостепь,2016,20,2016-05-16,2016-05-22,0.0,14.0
north_foreststeppe,Северная лесостепь,2016,21,2016-05-23,2016-05-29,6.8,18.1
north_foreststeppe,Северная лесостепь,2016,22,2016-05-30,2016-06-05,19.5,11.1
north_foreststeppe,Северная лесостепь,2016,23,2016-06-06,2016-06-12,6.1,21.0
north_foreststeppe,Северная лесостепь,2016,24,2016-06-13,2016-06-19,11.7,17.6
north_foreststeppe,Северная лесостепь,2016,25,2016-06-20,2016-06-26,17.8,20.9
north_foreststeppe,Северная лесостепь,2016,26,2016-06-27,2016-07-03,42.1,16.7
north_foreststeppe,Северная лесостепь,2016,27,2016-07-04,2016-07-10,16.3,19.9
north_foreststeppe,Северная лесостепь,2016,28,2016-07-11,2016-07-17,22.9,21.1
north_foreststeppe,Северная лесостепь,2016,29,2016-07-18,2016-07-24,18.8,20.9
north_foreststeppe,Северная лесостепь,2016,30,2016-07-25,2016-07-31,4.2,18.2
north_foreststeppe,Северная лесостепь,2016,31,2016-08-01,2016-08-07,7.5,19.6
north_foreststeppe,Северная лесостепь,2016,32,2016-08-08,2016-08-14,2.0,21.0
north_foreststeppe,Северная лесостепь,2016,33,2016-08-15,2016-08-21,10.6,20.2
north_foreststeppe,Северная лесостепь,2016,34,2016-08-22,2016-08-28,10.1,19.8
north_foreststeppe,Северная лесостепь,2016,35,2016-08-29,2016-09-04,6.6,15.9
north_foreststeppe,Северная лесостепь,2016,36,2016-09-05,2016-09-11,13.8,15.9
north_foreststeppe,Северная лесостепь,2016,37,2016-09-12,2016-09-18,9.1,13.6
north_foreststeppe,Северная лесостепь,2016,38,2016-09-19,2016-09-25,2.5,11.2
north_foreststeppe,Северная лесостепь,2016,39,2016-09-26,2016-10-02,0.0,7.1
north_foreststeppe,Северная лесостепь,2016,40,2016-10-03,2016-10-09,11.0,1.2
north_foreststeppe,Северная лесостепь,2016,41,2016-10-10,2016-10-16,4.6,-2.5
north_foreststeppe,Северная лесостепь,2016,42,2016-10-17,2016-10-23,0.1,-5.1
north_foreststeppe,Северная лесостепь,2016,43,2016-10-24,2016-10-30,3.6,-3.1
north_foreststeppe,Северная лесостепь,2016,44,2016-10-31,2016-10-31,0.0,-3.5
north_foreststeppe,Северная лесостепь,2017,9,2017-03-01,2017-03-05,0.1,-5.9
north_foreststeppe,Северная лесостепь,2017,10,2017-03-06,2017-03-12,1.2,-8.5
north_foreststeppe,Северная лесостепь,2017,11,2017-03-13,2017-03-19,0.0,-8.5
north_foreststeppe,Северная лесостепь,2017,12,2017-03-20,2017-03-26,0.0,-5.6
north_foreststeppe,Северная лесостепь,2017,13,2017-03-27,2017-04-02,26.8,-1.2
north_foreststeppe,Северная лесостепь,2017,14,2017-04-03,2017-04-09,7.0,-1.6
north_foreststeppe,Северная лесостепь,2017,15,2017-04-10,2017-04-16,10.4,4.2
north_foreststeppe,Северная лесостепь,2017,16,2017-04-17,2017-04-23,13.9,5.5
north_foreststeppe,Северная лесостепь,2017,17,2017-04-24,2017-04-30,3.7,9.1
north_foreststeppe,Северная лесостепь,2017,18,2017-05-01,2017-05-07,16.2,8.0
north_foreststeppe,Северная лесостепь,2017,19,2017-05-08,2017-05-14,4.8,11.4
north_foreststeppe,Северная лесостепь,2017,20,2017-05-15,2017-05-21,2.5,10.1
north_foreststeppe,Северная лесостепь,2017,21,2017-05-22,2017-05-28,10.2,14.8
north_foreststeppe,Северная лесостепь,2017,22,2017-05-29,2017-06-04,15.9,14.4
north_foreststeppe,Северная лесостепь,2017,23,2017-06-05,2017-06-11,16.8,14.5
north_foreststeppe,Северная лесостепь,2017,24,2017-06-12,2017-06-18,1.0,22.2
north_foreststeppe,Северная лесостепь,2017,25,2017-06-19,2017-06-25,7.1,20.9
north_foreststeppe,Северная лесостепь,2017,26,2017-06-26,2017-07-02,3.4,20.1
north_foreststeppe,Северная лесостепь,2017,27,2017-07-03,2017-07-09,21.4,16.7
north_foreststeppe,Северная лесостепь,2017,28,2017-07-10,2017-07-16,5.2,16.9
north_foreststeppe,Северная лесостепь,2017,29,2017-07-17,2017-07-23,20.0,19.3
north_foreststeppe,Северная лесостепь,2017,30,2017-07-24,2017-07-30,45.7,19.4
north_foreststeppe,Северная лесостепь,2017,31,2017-07-31,2017-08-06,5.6,21.0
north_foreststeppe,Северная лесостепь,2017,32,2017-08-07,2017-08-13,8.5,13.7
north_foreststeppe,Северная лесостепь,2017,33,2017-08-14,2017-08-20,7.9,15.4
north_foreststeppe,Северная лесостепь,2017,34,2017-08-21,2017-08-27,1.5,20.9
north_foreststeppe,Северная лесостепь,2017,35,2017-08-28,2017-09-03,1.4,17.7
north_foreststeppe,Северная лесостепь,2017,36,2017-09-04,2017-09-10,18.9,10.4
north_foreststeppe,Северная лесостепь,2017,37,2017-09-11,2017-09-17,10.2,10.8
north_foreststeppe,Северная лесостепь,2017,38,2017-09-18,2017-09-24,12.9,7.0
north_foreststeppe,Северная лесостепь,2017,39,2017-09-25,2017-10-01,5.9,2.5
north_foreststeppe,Северная лесостепь,2017,40,2017-10-02,2017-10-08,2.5,-0.2
north_foreststeppe,Северная лесостепь,2017,41,2017-10-09,2017-10-15,7.3,3.9
north_foreststeppe,Северная лесостепь,2017,42,2017-10-16,2017-10-22,6.7,3.1
north_foreststeppe,Северная лесостепь,2017,43,2017-10-23,2017-10-29,21.6,-2.1
north_foreststeppe,Северная лесостепь,2017,44,2017-10-30,2017-10-31,0.0,-3.5
north_foreststeppe,Северная лесостепь,2018,9,2018-03-01,2018-03-04,1.8,-14.9
north_foreststeppe,Северная лесостепь,2018,10,2018-03-05,2018-03-11,1.7,-13.8
north_foreststeppe,Северная лесостепь,2018,11,2018-03-12,2018-03-18,0.3,-10.7
north_foreststeppe,Северная лесостепь,2018,12,2018-03-19,2018-03-25,19.4,-5.4
north_foreststeppe,Северная лесостепь,2018,13,2018-03-26,2018-04-01,5.3,-4.8
north_foreststeppe,Северная лесостепь,2018,14,2018-04-02,2018-04-08,4.9,-1.7
north_foreststeppe,Северная лесостепь,2018,15,2018-04-09,2018-04-15,18.6,-0.3
north_foreststeppe,Северная лесостепь,2018,16,2018-04-16,2018-04-22,11.6,0.0
north_foreststeppe,Северная лесостепь,2018,17,2018-04-23,2018-04-29,2.4,6.3
north_foreststeppe,Северная лесостепь,2018,18,2018-04-30,2018-05-06,20.4,4.7
north_foreststeppe,Северная лесостепь,2018,19,2018-05-07,2018-05-13,35.0,5.8
north_foreststeppe,Северная лесостепь,2018,20,2018-05-14,2018-05-20,6.3,4.2
north_foreststeppe,Северная лесостепь,2018,21,2018-05-21,2018-05-27,31.0,8.5
north_foreststeppe,Северная лесостепь,2018,22,2018-05-28,2018-06-03,13.7,9.2
north_foreststeppe,Северная лесостепь,2018,23,2018-06-04,2018-06-10,8.4,15.8
north_foreststeppe,Северная лесостепь,2018,24,2018-06-11,2018-06-17,10.1,15.9
north_foreststeppe,Северная лесостепь,2018,25,2018-06-18,2018-06-24,14.2,15.7
north_foreststeppe,Северная лесостепь,2018,26,2018-06-25,2018-07-01,36.6,19.2
north_foreststeppe,Северная лесостепь,2018,27,2018-07-02,2018-07-08,0.1,19.8
north_foreststeppe,Северная лесостепь,2018,28,2018-07-09,2018-07-15,1.2,22.3
north_foreststeppe,Северная лесостепь,2018,29,2018-07-16,2018-07-22,2.8,19.9
north_foreststeppe,Северная лесостепь,2018,30,2018-07-23,2018-07-29,32.2,17.8
north_foreststeppe,Северная лесостепь,2018,31,2018-07-30,2018-08-05,4.4,14.5
north_foreststeppe,Северная лесостепь,2018,32,2018-08-06,2018-08-12,42.8,17.6
north_foreststeppe,Северная лесостепь,2018,33,2018-08-13,2018-08-19,1.7,17.5
north_foreststeppe,Северная лесостепь,2018,34,2018-08-20,2018-08-26,78.3,13.9
north_foreststeppe,Северная лесостепь,2018,35,2018-08-27,2018-09-02,20.2,11.6
north_foreststeppe,Северная лесостепь,2018,36,2018-09-03,2018-09-09,15.4,11.3
north_foreststeppe,Северная лесостепь,2018,37,2018-09-10,2018-09-16,5.4,10.4
north_foreststeppe,Северная лесостепь,2018,38,2018-09-17,2018-09-23,16.0,10.4
north_foreststeppe,Северная лесостепь,2018,39,2018-09-24,2018-09-30,3.2,12.6
north_foreststeppe,Северная лесостепь,2018,40,2018-10-01,2018-10-07,0.2,10.7
north_foreststeppe,Северная лесостепь,2018,41,2018-10-08,2018-10-14,3.5,5.7
north_foreststeppe,Северная лесостепь,2018,42,2018-10-15,2018-10-21,16.6,0.6
north_foreststeppe,Северная лесостепь,2018,43,2018-10-22,2018-10-28,21.2,3.1
north_foreststeppe,Северная лесостепь,2018,44,2018-10-29,2018-10-31,6.8,-2.5
north_foreststeppe,Северная лесостепь,2019,9,2019-03-01,2019-03-03,2.5,-8.1
north_foreststeppe,Северная лесостепь,2019,10,2019-03-04,2019-03-10,2.9,-5.4
north_foreststeppe,Северная лесостепь,2019,11,2019-03-11,2019-03-17,5.3,-2.0
north_foreststeppe,Северная лесостепь,2019,12,2019-03-18,2019-03-24,0.0,-5.1
north_foreststeppe,Северная лесостепь,2019,13,2019-03-25,2019-03-31,13.9,-0.4
north_foreststeppe,Северная лесостепь,2019,14,2019-04-01,2019-04-07,6.7,1.6
north_foreststeppe,Северная лесостепь,2019,15,2019-04-08,2019-04-14,0.2,5.4
north_foreststeppe,Северная лесостепь,2019,16,2019-04-15,2019-04-21,1.9,-0.3
north_foreststeppe,Северная лесостепь,2019,17,2019-04-22,2019-04-28,6.0,3.5
north_foreststeppe,Северная лесостепь,2019,18,2019-04-29,2019-05-05,8.9,6.7
north_foreststeppe,Северная лесостепь,2019,19,2019-05-06,2019-05-12,0.0,15.8
north_foreststeppe,Северная лесостепь,2019,20,2019-05-13,2019-05-19,6.6,6.6
north_foreststeppe,Северная лесостепь,2019,21,2019-05-20,2019-05-26,21.7,8.9
north_foreststeppe,Северная лесостепь,2019,22,2019-05-27,2019-06-02,14.3,15.1
north_foreststeppe,Северная лесостепь,2019,23,2019-06-03,2019-06-09,39.9,13.3
north_foreststeppe,Северная лесостепь,2019,24,2019-06-10,2019-06-16,8.8,14.3
north_foreststeppe,Северная лесостепь,2019,25,2019-06-17,2019-06-23,13.1,14.2
north_foreststeppe,Северная лесостепь,2019,26,2019-06-24,2019-06-30,14.2,15.8
north_foreststeppe,Северная лесостепь,2019,27,2019-07-01,2019-07-07,38.7,18.2
north_foreststeppe,Северная лесостепь,2019,28,2019-07-08,2019-07-14,7.1,20.1
north_foreststeppe,Северная лесостепь,2019,29,2019-07-15,2019-07-21,7.3,21.7
north_foreststeppe,Северная лесостепь,2019,30,2019-07-22,2019-07-28,3.3,19.3
north_foreststeppe,Северная лесостепь,2019,31,2019-07-29,2019-08-04,3.6,20.3
north_foreststeppe,Северная лесостепь,2019,32,2019-08-05,2019-08-11,4.4,18.0
north_foreststeppe,Северная лесостепь,2019,33,2019-08-12,2019-08-18,1.6,19.0
north_foreststeppe,Северная лесостепь,2019,34,2019-08-19,2019-08-25,2.5,16.4
north_foreststeppe,Северная лесостепь,2019,35,2019-08-26,2019-09-01,28.3,13.0
north_foreststeppe,Северная лесостепь,2019,36,2019-09-02,2019-09-08,7.6,11.8
north_foreststeppe,Северная лесостепь,2019,37,2019-09-09,2019-09-15,5.2,11.9
north_foreststeppe,Северная лесостепь,2019,38,2019-09-16,2019-09-22,9.2,14.8
north_foreststeppe,Северная лесостепь,2019,39,2019-09-23,2019-09-29,21.9,5.2
north_foreststeppe,Северная лесостепь,2019,40,2019-09-30,2019-10-06,0.5,8.8
north_foreststeppe,Северная лесостепь,2019,41,2019-10-07,2019-10-13,0.0,10.9
north_foreststeppe,Северная лесостепь,2019,42,2019-10-14,2019-10-20,8.0,2.0
north_foreststeppe,Северная лесостепь,2019,43,2019-10-21,2019-10-27,18.0,2.1
north_foreststeppe,Северная лесостепь,2019,44,2019-10-28,2019-10-31,11.3,1.9
north_foreststeppe,Северная лесостепь,2020,9,2020-03-01,2020-03-01,0.0,0.0
north_foreststeppe,Северная лесостепь,2020,10,2020-03-02,2020-03-08,0.9,-5.3
north_foreststeppe,Северная лесостепь,2020,11,2020-03-09,2020-03-15,6.5,-0.8
north_foreststeppe,Северная лесостепь,2020,12,2020-03-16,2020-03-22,24.2,-0.8
north_foreststeppe,Северная лесостепь,2020,13,2020-03-23,2020-03-29,2.5,-4.4
north_foreststeppe,Северная лесостепь,2020,14,2020-03-30,2020-04-05,1.2,2.1
north_foreststeppe,Северная лесостепь,2020,15,2020-04-06,2020-04-12,3.7,3.9
north_foreststeppe,Северная лесостепь,2020,16,2020-04-13,2020-04-19,12.5,9.1
north_foreststeppe,Северная лесостепь,2020,17,2020-04-20,2020-04-26,4.6,11.4
north_foreststeppe,Северная лесостепь,2020,18,2020-04-27,2020-05-03,20.3,11.4
north_foreststeppe,Северная лесостепь,2020,19,2020-05-04,2020-05-10,0.3,13.8
north_foreststeppe,Северная лесостепь,2020,20,2020-05-11,2020-05-17,9.1,20.3
north_foreststeppe,Северная лесостепь,2020,21,2020-05-18,2020-05-24,17.6,16.7
north_foreststeppe,Северная лесостепь,2020,22,2020-05-25,2020-05-31,1.7,17.4
north_foreststeppe,Северная лесостепь,2020,23,2020-06-01,2020-06-07,5.1,13.4
north_foreststeppe,Северная лесостепь,2020,24,2020-06-08,2020-06-14,1.6,19.8
north_foreststeppe,Северная лесостепь,2020,25,2020-06-15,2020-06-21,3.1,12.9
north_foreststeppe,Северная лесостепь,2020,26,2020-06-22,2020-06-28,55.7,13.8
north_foreststeppe,Северная лесостепь,2020,27,2020-06-29,2020-07-05,11.8,17.1
north_foreststeppe,Северная лесостепь,2020,28,2020-07-06,2020-07-12,24.0,21.6
north_foreststeppe,Северная лесостепь,2020,29,2020-07-13,2020-07-19,0.3,23.4
north_foreststeppe,Северная лесостепь,2020,30,2020-07-20,2020-07-26,0.2,18.3
north_foreststeppe,Северная лесостепь,2020,31,2020-07-27,2020-08-02,10.4,18.2
north_foreststeppe,Северная лесостепь,2020,32,2020-08-03,2020-08-09,1.5,22.9
north_foreststeppe,Северная лесостепь,2020,33,2020-08-10,2020-08-16,21.0,17.4
north_foreststeppe,Северная лесостепь,2020,34,2020-08-17,2020-08-23,30.4,14.4
north_foreststeppe,Северная лесостепь,2020,35,2020-08-24,2020-08-30,20.6,16.2
north_foreststeppe,Северная лесостепь,2020,36,2020-08-31,2020-09-06,15.3,13.9
north_foreststeppe,Северная лесостепь,2020,37,2020-09-07,2020-09-13,12.2,11.5
north_foreststeppe,Северная лесостепь,2020,38,2020-09-14,2020-09-20,10.8,13.1
north_foreststeppe,Северная лесостепь,2020,39,2020-09-21,2020-09-27,21.2,7.8
north_foreststeppe,Северная лесостепь,2020,40,2020-09-28,2020-10-04,1.9,8.3
north_foreststeppe,Северная лесостепь,2020,41,2020-10-05,2020-10-11,7.3,2.8
north_foreststeppe,Северная лесостепь,2020,42,2020-10-12,2020-10-18,0.7,8.0
north_foreststeppe,Северная лесостепь,2020,43,2020-10-19,2020-10-25,7.6,2.4
north_foreststeppe,Северная лесостепь,2020,44,2020-10-26,2020-10-31,15.2,0.8
north_foreststeppe,Северная лесостепь,2021,9,2021-03-01,2021-03-07,18.6,-9.8
north_foreststeppe,Северная лесостепь,2021,10,2021-03-08,2021-03-14,12.6,-11.5
north_foreststeppe,Северная лесостепь,2021,11,2021-03-15,2021-03-21,4.0,-7.4
north_foreststeppe,Северная лесостепь,2021,12,2021-03-22,2021-03-28,10.6,-3.1
north_foreststeppe,Северная лесостепь,2021,13,2021-03-29,2021-04-04,13.2,-3.1
north_foreststeppe,Северная лесостепь,2021,14,2021-04-05,2021-04-11,9.8,1.2
north_foreststeppe,Северная лесостепь,2021,15,2021-04-12,2021-04-18,2.2,4.1
north_foreststeppe,Северная лесостепь,2021,16,2021-04-19,2021-04-25,0.0,0.9
north_foreststeppe,Северная лесостепь,2021,17,2021-04-26,2021-05-02,2.1,8.7
north_foreststeppe,Северная лесостепь,2021,18,2021-05-03,2021-05-09,1.5,13.2
north_foreststeppe,Северная лесостепь,2021,19,2021-05-10,2021-05-16,0.3,15.0
north_foreststeppe,Северная лесостепь,2021,20,2021-05-17,2021-05-23,7.9,17.6
north_foreststeppe,Северная лесостепь,2021,21,2021-05-24,2021-05-30,0.0,19.0
north_foreststeppe,Северная лесостепь,2021,22,2021-05-31,2021-06-06,6.4,15.2
north_foreststeppe,Северная лесостепь,2021,23,2021-06-07,2021-06-13,0.5,15.0
north_foreststeppe,Северная лесостепь,2021,24,2021-06-14,2021-06-20,15.3,18.9
north_foreststeppe,Северная лесостепь,2021,25,2021-06-21,2021-06-27,22.0,13.5
north_foreststeppe,Северная лесостепь,2021,26,2021-06-28,2021-07-04,6.0,23.9
north_foreststeppe,Северная лесостепь,2021,27,2021-07-05,2021-07-11,2.3,19.8
north_foreststeppe,Северная лесостепь,2021,28,2021-07-12,2021-07-18,65.9,14.6
north_foreststeppe,Северная лесостепь,2021,29,2021-07-19,2021-07-25,1.8,21.4
north_foreststeppe,Северная лесостепь,2021,30,2021-07-26,2021-08-01,12.5,17.0
north_foreststeppe,Северная лесостепь,2021,31,2021-08-02,2021-08-08,24.6,19.2
north_foreststeppe,Северная лесостепь,2021,32,2021-08-09,2021-08-15,20.1,16.9
north_foreststeppe,Северная лесостепь,2021,33,2021-08-16,2021-08-22,0.3,19.7
north_foreststeppe,Северная лесостепь,2021,34,2021-08-23,2021-08-29,6.6,20.2
north_foreststeppe,Северная лесостепь,2021,35,2021-08-30,2021-09-05,2.6,13.6
north_foreststeppe,Северная лесостепь,2021,36,2021-09-06,2021-09-12,16.4,10.3
north_foreststeppe,Северная лесостепь,2021,37,2021-09-13,2021-09-19,9.4,9.9
north_foreststeppe,Северная лесостепь,2021,38,2021-09-20,2021-09-26,5.3,4.2
north_foreststeppe,Северная лесостепь,2021,39,2021-09-27,2021-10-03,5.3,3.5
north_foreststeppe,Северная лесостепь,2021,40,2021-10-04,2021-10-10,0.9,3.3
north_foreststeppe,Северная лесостепь,2021,41,2021-10-11,2021-10-17,3.8,3.6
north_foreststeppe,Северная лесостепь,2021,42,2021-10-18,2021-10-24,6.0,6.5
north_foreststeppe,Северная лесостепь,2021,43,2021-10-25,2021-10-31,13.7,0.7
north_foreststeppe,Северная лесостепь,2022,9,2022-03-01,2022-03-06,9.0,-5.4
north_foreststeppe,Северная лесостепь,2022,10,2022-03-07,2022-03-13,2.0,-17.2
north_foreststeppe,Северная лесостепь,2022,11,2022-03-14,2022-03-20,0.0,-12.3
north_foreststeppe,Северная лесостепь,2022,12,2022-03-21,2022-03-27,10.7,-6.4
north_foreststeppe,Северная лесостепь,2022,13,2022-03-28,2022-04-03,14.0,-1.0
north_foreststeppe,Северная лесостепь,2022,14,2022-04-04,2022-04-10,1.7,2.7
north_foreststeppe,Северная лесостепь,2022,15,2022-04-11,2022-04-17,0.0,8.3
north_foreststeppe,Северная лесостепь,2022,16,2022-04-18,2022-04-24,5.2,1.6
north_foreststeppe,Северная лесостепь,2022,17,2022-04-25,2022-05-01,8.3,10.8
north_foreststeppe,Северная лесостепь,2022,18,2022-05-02,2022-05-08,2.9,8.1
north_foreststeppe,Северная лесостепь,2022,19,2022-05-09,2022-05-15,0.0,15.0
north_foreststeppe,Северная лесостепь,2022,20,2022-05-16,2022-05-22,19.5,15.9
north_foreststeppe,Северная лесостепь,2022,21,2022-05-23,2022-05-29,0.1,18.5
north_foreststeppe,Северная лесостепь,2022,22,2022-05-30,2022-06-05,22.6,11.6
north_foreststeppe,Северная лесостепь,2022,23,2022-06-06,2022-06-12,15.2,17.0
north_foreststeppe,Северная лесостепь,2022,24,2022-06-13,2022-06-19,18.3,17.2
north_foreststeppe,Северная лесостепь,2022,25,2022-06-20,2022-06-26,25.3,19.7
north_foreststeppe,Северная лесостепь,2022,26,2022-06-27,2022-07-03,49.5,13.2
north_foreststeppe,Северная лесостепь,2022,27,2022-07-04,2022-07-10,62.6,18.8
north_foreststeppe,Северная лесостепь,2022,28,2022-07-11,2022-07-17,16.4,19.7
north_foreststeppe,Северная лесостепь,2022,29,2022-07-18,2022-07-24,16.3,17.7
north_foreststeppe,Северная лесостепь,2022,30,2022-07-25,2022-07-31,24.5,20.5
north_foreststeppe,Северная лесостепь,2022,31,2022-08-01,2022-08-07,3.0,18.8
north_foreststeppe,Северная лесостепь,2022,32,2022-08-08,2022-08-14,4.0,19.1
north_foreststeppe,Северная лесостепь,2022,33,2022-08-15,2022-08-21,10.5,12.3
north_foreststeppe,Северная лесостепь,2022,34,2022-08-22,2022-08-28,0.2,15.4
north_foreststeppe,Северная лесостепь,2022,35,2022-08-29,2022-09-04,8.7,18.6
north_foreststeppe,Северная лесостепь,2022,36,2022-09-05,2022-09-11,13.8,10.4
north_foreststeppe,Северная лесостепь,2022,37,2022-09-12,2022-09-18,0.5,10.0
north_foreststeppe,Северная лесостепь,2022,38,2022-09-19,2022-09-25,2.0,14.6
north_foreststeppe,Северная лесостепь,2022,39,2022-09-26,2022-10-02,4.6,0.8
north_foreststeppe,Северная лесостепь,2022,40,2022-10-03,2022-10-09,1.8,8.2
north_foreststeppe,Северная лесостепь,2022,41,2022-10-10,2022-10-16,2.4,7.7
north_foreststeppe,Северная лесостепь,2022,42,2022-10-17,2022-10-23,12.2,4.5
north_foreststeppe,Северная лесостепь,2022,43,2022-10-24,2022-10-30,2.2,-0.5
north_foreststeppe,Северная лесостепь,2022,44,2022-10-31,2022-10-31,0.0,-3.5
north_foreststeppe,Северная лесостепь,2023,9,2023-03-01,2023-03-05,3.3,-5.5
north_foreststeppe,Северная лесостепь,2023,10,2023-03-06,2023-03-12,8.2,-4.3
north_foreststeppe,Северная лесостепь,2023,11,2023-03-13,2023-03-19,9.6,-5.3
north_foreststeppe,Северная лесостепь,2023,12,2023-03-20,2023-03-26,5.0,-3.1
north_foreststeppe,Северная лесостепь,2023,13,2023-03-27,2023-04-02,0.0,-2.2
north_foreststeppe,Северная лесостепь,2023,14,2023-04-03,2023-04-09,0.1,0.2
north_foreststeppe,Северная лесостепь,2023,15,2023-04-10,2023-04-16,3.7,-0.4
north_foreststeppe,Северная лесостепь,2023,16,2023-04-17,2023-04-23,1.2,1.3
north_foreststeppe,Северная лесостепь,2023,17,2023-04-24,2023-04-30,0.6,9.7
north_foreststeppe,Северная лесостепь,2023,18,2023-05-01,2023-05-07,0.0,11.5
north_foreststeppe,Северная лесостепь,2023,19,2023-05-08,2023-05-14,0.4,9.9
north_foreststeppe,Северная лесостепь,2023,20,2023-05-15,2023-05-21,0.0,11.9
north_foreststeppe,Северная лесостепь,2023,21,2023-05-22,2023-05-28,4.5,16.0
north_foreststeppe,Северная лесостепь,2023,22,2023-05-29,2023-06-04,14.9,21.4
north_foreststeppe,Северная лесостепь,2023,23,2023-06-05,2023-06-11,0.9,23.1
north_foreststeppe,Северная лесостепь,2023,24,2023-06-12,2023-06-18,1.7,16.7
north_foreststeppe,Северная лесостепь,2023,25,2023-06-19,2023-06-25,31.5,11.8
north_foreststeppe,Северная лесостепь,2023,26,2023-06-26,2023-07-02,26.0,16.0
north_foreststeppe,Северная лесостепь,2023,27,2023-07-03,2023-07-09,5.4,22.2
north_foreststeppe,Северная лесостепь,2023,28,2023-07-10,2023-07-16,31.1,23.9
north_foreststeppe,Северная лесостепь,2023,29,2023-07-17,2023-07-23,20.9,20.5
north_foreststeppe,Северная лесостепь,2023,30,2023-07-24,2023-07-30,28.4,19.7
north_foreststeppe,Северная лесостепь,2023,31,2023-07-31,2023-08-06,11.6,20.2
north_foreststeppe,Северная лесостепь,2023,32,2023-08-07,2023-08-13,7.2,16.1
north_foreststeppe,Северная лесостепь,2023,33,2023-08-14,2023-08-20,37.8,15.9
north_foreststeppe,Северная лесостепь,2023,34,2023-08-21,2023-08-27,13.8,14.2
north_foreststeppe,Северная лесостепь,2023,35,2023-08-28,2023-09-03,30.2,15.1
north_foreststeppe,Северная лесостепь,2023,36,2023-09-04,2023-09-10,3.5,11.7
north_foreststeppe,Северная лесостепь,2023,37,2023-09-11,2023-09-17,0.0,13.6
north_foreststeppe,Северная лесостепь,2023,38,2023-09-18,2023-09-24,5.7,11.8
north_foreststeppe,Северная лесостепь,2023,39,2023-09-25,2023-10-01,6.1,9.5
north_foreststeppe,Северная лесостепь,2023,40,2023-10-02,2023-10-08,0.2,11.5
north_foreststeppe,Северная лесостепь,2023,41,2023-10-09,2023-10-15,7.9,8.0
north_foreststeppe,Северная лесостепь,2023,42,2023-10-16,2023-10-22,27.4,6.2
north_foreststeppe,Северная лесостепь,2023,43,2023-10-23,2023-10-29,17.8,-1.2
north_foreststeppe,Северная лесостепь,2023,44,2023-10-30,2023-10-31,1.5,-4.7
north_foreststeppe,Северная лесостепь,2024,9,2024-03-01,2024-03-03,5.2,-6.8
north_foreststeppe,Северная лесостепь,2024,10,2024-03-04,2024-03-10,4.2,-7.7
north_foreststeppe,Северная лесостепь,2024,11,2024-03-11,2024-03-17,2.1,-8.6
north_foreststeppe,Северная лесостепь,2024,12,2024-03-18,2024-03-24,0.0,-4.1
north_foreststeppe,Северная лесостепь,2024,13,2024-03-25,2024-03-31,2.3,0.5
north_foreststeppe,Северная лесостепь,2024,14,2024-04-01,2024-04-07,5.3,0.6
north_foreststeppe,Северная лесостепь,2024,15,2024-04-08,2024-04-14,8.2,1.8
north_foreststeppe,Северная лесостепь,2024,16,2024-04-15,2024-04-21,14.0,8.0
north_foreststeppe,Северная лесостепь,2024,17,2024-04-22,2024-04-28,4.8,5.1
north_foreststeppe,Северная лесостепь,2024,18,2024-04-29,2024-05-05,7.0,4.7
north_foreststeppe,Северная лесостепь,2024,19,2024-05-06,2024-05-12,12.3,9.5
north_foreststeppe,Северная лесостепь,2024,20,2024-05-13,2024-05-19,5.0,11.8
north_foreststeppe,Северная лесостепь,2024,21,2024-05-20,2024-05-26,9.9,8.4
north_foreststeppe,Северная лесостепь,2024,22,2024-05-27,2024-06-02,5.2,7.8
north_foreststeppe,Северная лесостепь,2024,23,2024-06-03,2024-06-09,16.1,15.6
north_foreststeppe,Северная лесостепь,2024,24,2024-06-10,2024-06-16,6.4,20.5
north_foreststeppe,Северная лесостепь,2024,25,2024-06-17,2024-06-23,24.2,19.2
north_foreststeppe,Северная лесостепь,2024,26,2024-06-24,2024-06-30,11.6,22.3
north_foreststeppe,Северная лесостепь,2024,27,2024-07-01,2024-07-07,29.1,18.9
north_foreststeppe,Северная лесостепь,2024,28,2024-07-08,2024-07-14,6.0,21.4
north_foreststeppe,Северная лесостепь,2024,29,2024-07-15,2024-07-21,23.3,20.0
north_foreststeppe,Северная лесостепь,2024,30,2024-07-22,2024-07-28,44.9,17.9
north_foreststeppe,Северная лесостепь,2024,31,2024-07-29,2024-08-04,17.0,19.9
north_foreststeppe,Северная лесостепь,2024,32,2024-08-05,2024-08-11,12.9,16.3
north_foreststeppe,Северная лесостепь,2024,33,2024-08-12,2024-08-18,16.9,16.9
north_foreststeppe,Северная лесостепь,2024,34,2024-08-19,2024-08-25,39.1,15.1
north_foreststeppe,Северная лесостепь,2024,35,2024-08-26,2024-09-01,12.9,13.1
north_foreststeppe,Северная лесостепь,2024,36,2024-09-02,2024-09-08,21.5,10.9
north_foreststeppe,Северная лесостепь,2024,37,2024-09-09,2024-09-15,0.4,13.2
north_foreststeppe,Северная лесостепь,2024,38,2024-09-16,2024-09-22,0.4,10.8
north_foreststeppe,Северная лесостепь,2024,39,2024-09-23,2024-09-29,6.7,6.9
north_foreststeppe,Северная лесостепь,2024,40,2024-09-30,2024-10-06,0.0,9.8
north_foreststeppe,Северная лесостепь,2024,41,2024-10-07,2024-10-13,2.6,2.7
north_foreststeppe,Северная лесостепь,2024,42,2024-10-14,2024-10-20,0.8,1.1
north_foreststeppe,Северная лесостепь,2024,43,2024-10-21,2024-10-27,11.4,4.4
north_foreststeppe,Северная лесостепь,2024,44,2024-10-28,2024-10-31,7.3,0.6
north_foreststeppe,Северная лесостепь,2025,9,2025-03-01,2025-03-02,0.4,-5.8
north_foreststeppe,Северная лесостепь,2025,10,2025-03-03,2025-03-09,7.8,-9.7
north_foreststeppe,Северная лесостепь,2025,11,2025-03-10,2025-03-16,7.7,-7.1
north_foreststeppe,Северная лесостепь,2025,12,2025-03-17,2025-03-23,8.9,0.8
north_foreststeppe,Северная лесостепь,2025,13,2025-03-24,2025-03-30,1.0,-0.9
north_foreststeppe,Северная лесостепь,2025,14,2025-03-31,2025-04-06,9.8,5.7
north_foreststeppe,Северная лесостепь,2025,15,2025-04-07,2025-04-13,3.4,9.4
north_foreststeppe,Северная лесостепь,2025,16,2025-04-14,2025-04-20,10.4,3.5
north_foreststeppe,Северная лесостепь,2025,17,2025-04-21,2025-04-27,7.9,9.9
north_foreststeppe,Северная лесостепь,2025,18,2025-04-28,2025-05-04,8.9,9.6
north_foreststeppe,Северная лесостепь,2025,19,2025-05-05,2025-05-11,37.3,13.1
north_foreststeppe,Северная лесостепь,2025,20,2025-05-12,2025-05-18,36.3,12.6
north_foreststeppe,Северная лесостепь,2025,21,2025-05-19,2025-05-25,9.9,14.0
north_foreststeppe,Северная лесостепь,2025,22,2025-05-26,2025-06-01,12.8,12.0
north_foreststeppe,Северная лесостепь,2025,23,2025-06-02,2025-06-08,6.1,18.9
north_foreststeppe,Северная лесостепь,2025,24,2025-06-09,2025-06-15,8.3,22.4
north_foreststeppe,Северная лесостепь,2025,25,2025-06-16,2025-06-22,41.1,21.4
north_foreststeppe,Северная лесостепь,2025,26,2025-06-23,2025-06-29,20.6,17.1
north_foreststeppe,Северная лесостепь,2025,27,2025-06-30,2025-07-06,29.0,21.7
north_foreststeppe,Северная лесостепь,2025,28,2025-07-07,2025-07-13,24.1,17.2
north_foreststeppe,Северная лесостепь,2025,29,2025-07-14,2025-07-20,30.1,16.8
north_foreststeppe,Северная лесостепь,2025,30,2025-07-21,2025-07-27,22.1,17.1
north_foreststeppe,Северная лесостепь,2025,31,2025-07-28,2025-08-03,33.7,19.1
north_foreststeppe,Северная лесостепь,2025,32,2025-08-04,2025-08-10,18.8,13.8
north_foreststeppe,Северная лесостепь,2025,33,2025-08-11,2025-08-17,32.0,16.8
north_foreststeppe,Северная лесостепь,2025,34,2025-08-18,2025-08-24,16.1,17.6
north_foreststeppe,Северная лесостепь,2025,35,2025-08-25,2025-08-31,9.1,17.5
north_foreststeppe,Северная лесостепь,2025,36,2025-09-01,2025-09-07,16.2,14.0
north_foreststeppe,Северная лесостепь,2025,37,2025-09-08,2025-09-14,0.6,11.3
north_foreststeppe,Северная лесостепь,2025,38,2025-09-15,2025-09-21,0.1,13.0
north_foreststeppe,Северная лесостепь,2025,39,2025-09-22,2025-09-28,1.5,11.8
north_foreststeppe,Северная лесостепь,2025,40,2025-09-29,2025-10-05,17.8,1.9
north_foreststeppe,Северная лесостепь,2025,41,2025-10-06,2025-10-12,9.1,0.7
north_foreststeppe,Северная лесостепь,2025,42,2025-10-13,2025-10-19,0.4,-1.9
north_foreststeppe,Северная лесостепь,2025,43,2025-10-20,2025-10-26,1.3,0.7
north_foreststeppe,Северная лесостепь,2025,44,2025-10-27,2025-10-31,1.2,4.5
south_foreststeppe,Южная лесостепь,1996,9,1996-03-01,1996-03-03,2.8,-11.6
south_foreststeppe,Южная лесостепь,1996,10,1996-03-04,1996-03-10,0.6,-12.9
south_foreststeppe,Южная лесостепь,1996,11,1996-03-11,1996-03-17,3.3,-7.5
south_foreststeppe,Южная лесостепь,1996,12,1996-03-18,1996-03-24,0.0,-11.1
south_foreststeppe,Южная лесостепь,1996,13,1996-03-25,1996-03-31,1.2,-7.6
south_foreststeppe,Южная лесостепь,1996,14,1996-04-01,1996-04-07,0.3,-3.0
south_foreststeppe,Южная лесостепь,1996,15,1996-04-08,1996-04-14,0.1,0.5
south_foreststeppe,Южная лесостепь,1996,16,1996-04-15,1996-04-21,1.6,4.4
south_foreststeppe,Южная лесостепь,1996,17,1996-04-22,1996-04-28,51.3,-0.9
south_foreststeppe,Южная лесостепь,1996,18,1996-04-29,1996-05-05,0.9,3.3
south_foreststeppe,Южная лесостепь,1996,19,1996-05-06,1996-05-12,11.8,14.7
south_foreststeppe,Южная лесостепь,1996,20,1996-05-13,1996-05-19,5.0,12.8
south_foreststeppe,Южная лесостепь,1996,21,1996-05-20,1996-05-26,11.0,10.2
south_foreststeppe,Южная лесостепь,1996,22,1996-05-27,1996-06-02,0.0,12.3
south_foreststeppe,Южная лесостепь,1996,23,1996-06-03,1996-06-09,3.5,18.0
south_foreststeppe,Южная лесостепь,1996,24,1996-06-10,1996-06-16,26.7,15.7
south_foreststeppe,Южная лесостепь,1996,25,1996-06-17,1996-06-23,13.7,22.4
south_foreststeppe,Южная лесостепь,1996,26,1996-06-24,1996-06-30,10.6,19.4
south_foreststeppe,Южная лесостепь,1996,27,1996-07-01,1996-07-07,19.2,19.0
south_foreststeppe,Южная лесостепь,1996,28,1996-07-08,1996-07-14,41.9,18.2
south_foreststeppe,Южная лесостепь,1996,29,1996-07-15,1996-07-21,14.8,23.0
south_foreststeppe,Южная лесостепь,1996,30,1996-07-22,1996-07-28,9.0,19.8
south_foreststeppe,Южная лесостепь,1996,31,1996-07-29,1996-08-04,11.4,20.0
south_foreststeppe,Южная лесостепь,1996,32,1996-08-05,1996-08-11,30.5,15.8
south_foreststeppe,Южная лесостепь,1996,33,1996-08-12,1996-08-18,14.9,12.1
south_foreststeppe,Южная лесостепь,1996,34,1996-08-19,1996-08-25,17.3,14.3
south_foreststeppe,Южная лесостепь,1996,35,1996-08-26,1996-09-01,5.9,8.3
south_foreststeppe,Южная лесостепь,1996,36,1996-09-02,1996-09-08,14.1,10.5
south_foreststeppe,Южная лесостепь,1996,37,1996-09-09,1996-09-15,18.2,9.8
south_foreststeppe,Южная лесостепь,1996,38,1996-09-16,1996-09-22,12.8,7.6
south_foreststeppe,Южная лесостепь,1996,39,1996-09-23,1996-09-29,9.7,6.7
south_foreststeppe,Южная лесостепь,1996,40,1996-09-30,1996-10-06,2.5,4.3
south_foreststeppe,Южная лесостепь,1996,41,1996-10-07,1996-10-13,3.8,6.2
south_foreststeppe,Южная лесостепь,1996,42,1996-10-14,1996-10-20,5.2,-0.7
south_foreststeppe,Южная лесостепь,1996,43,1996-10-21,1996-10-27,11.4,-4.9
south_foreststeppe,Южная лесостепь,1996,44,1996-10-28,1996-10-31,0.0,-5.1
south_foreststeppe,Южная лесостепь,1997,9,1997-03-01,1997-03-02,0.0,-6.7
south_foreststeppe,Южная лесостепь,1997,10,1997-03-03,1997-03-09,3.9,-4.5
south_foreststeppe,Южная лесостепь,1997,11,1997-03-10,1997-03-16,10.7,-3.2
south_foreststeppe,Южная лесостепь,1997,12,1997-03-17,1997-03-23,0.0,-4.5
south_foreststeppe,Южная лесостепь,1997,13,1997-03-24,1997-03-30,0.0,-0.5
south_foreststeppe,Южная лесостепь,1997,14,1997-03-31,1997-04-06,1.6,2.0
south_foreststeppe,Южная лесостепь,1997,15,1997-04-07,1997-04-13,4.1,7.9
south_foreststeppe,Южная лесостепь,1997,16,1997-04-14,1997-04-20,0.1,9.6
south_foreststeppe,Южная лесостепь,1997,17,1997-04-21,1997-04-27,3.8,12.5
south_foreststeppe,Южная лесостепь,1997,18,1997-04-28,1997-05-04,0.7,9.9
south_foreststeppe,Южная лесостепь,1997,19,1997-05-05,1997-05-11,6.9,9.8
south_foreststeppe,Южная лесостепь,1997,20,1997-05-12,1997-05-18,14.7,10.2
south_foreststeppe,Южная лесостепь,1997,21,1997-05-19,1997-05-25,1.6,14.9
south_foreststeppe,Южная лесостепь,1997,22,1997-05-26,1997-06-01,2.2,22.4
south_foreststeppe,Южная лесостепь,1997,23,1997-06-02,1997-06-08,5.2,16.5
south_foreststeppe,Южная лесостепь,1997,24,1997-06-09,1997-06-15,16.2,15.0
south_foreststeppe,Южная лесостепь,1997,25,1997-06-16,1997-06-22,14.1,14.9
south_foreststeppe,Южная лесостепь,1997,26,1997-06-23,1997-06-29,3.8,19.3
south_foreststeppe,Южная лесостепь,1997,27,1997-06-30,1997-07-06,25.4,17.8
south_foreststeppe,Южная лесостепь,1997,28,1997-07-07,1997-07-13,27.2,17.0
south_foreststeppe,Южная лесостепь,1997,29,1997-07-14,1997-07-20,3.1,14.8
south_foreststeppe,Южная лесостепь,1997,30,1997-07-21,1997-07-27,5.8,15.9
south_foreststeppe,Южная лесостепь,1997,31,1997-07-28,1997-08-03,4.6,19.7
south_foreststeppe,Южная лесостепь,1997,32,1997-08-04,1997-08-10,26.8,19.3
south_foreststeppe,Южная лесостепь,1997,33,1997-08-11,1997-08-17,3.5,19.0
south_foreststeppe,Южная лесостепь,1997,34,1997-08-18,1997-08-24,21.0,15.5
south_foreststeppe,Южная лесостепь,1997,35,1997-08-25,1997-08-31,36.2,12.5
south_foreststeppe,Южная лесостепь,1997,36,1997-09-01,1997-09-07,15.7,7.9
south_foreststeppe,Южная лесостепь,1997,37,1997-09-08,1997-09-14,12.1,12.2
south_foreststeppe,Южная лесостепь,1997,38,1997-09-15,1997-09-21,2.3,13.6
south_foreststeppe,Южная лесостепь,1997,39,1997-09-22,1997-09-28,3.3,12.8
south_foreststeppe,Южная лесостепь,1997,40,1997-09-29,1997-10-05,0.0,10.5
south_foreststeppe,Южная лесостепь,1997,41,1997-10-06,1997-10-12,24.0,8.8
south_foreststeppe,Южная лесостепь,1997,42,1997-10-13,1997-10-19,2.1,8.3
south_foreststeppe,Южная лесостепь,1997,43,1997-10-20,1997-10-26,0.1,4.7
south_foreststeppe,Южная лесостепь,1997,44,1997-10-27,1997-10-31,13.5,2.0
south_foreststeppe,Южная лесостепь,1998,9,1998-03-01,1998-03-01,0.0,-7.0
south_foreststeppe,Южная лесостепь,1998,10,1998-03-02,1998-03-08,0.0,-7.8
south_foreststeppe,Южная лесостепь,1998,11,1998-03-09,1998-03-15,0.0,-9.1
south_foreststeppe,Южная лесостепь,1998,12,1998-03-16,1998-03-22,0.0,-12.1
south_foreststeppe,Южная лесостепь,1998,13,1998-03-23,1998-03-29,0.3,-7.2
south_foreststeppe,Южная лесостепь,1998,14,1998-03-30,1998-04-05,9.1,-3.3
south_foreststeppe,Южная лесостепь,1998,15,1998-04-06,1998-04-12,8.9,-2.4
south_foreststeppe,Южная лесостепь,1998,16,1998-04-13,1998-04-19,12.9,-2.2
south_foreststeppe,Южная лесостепь,1998,17,1998-04-20,1998-04-26,1.5,-0.3
south_foreststeppe,Южная лесостепь,1998,18,1998-04-27,1998-05-03,7.1,3.4
south_foreststeppe,Южная лесостепь,1998,19,1998-05-04,1998-05-10,9.4,12.4
south_foreststeppe,Южная лесостепь,1998,20,1998-05-11,1998-05-17,23.9,6.2
south_foreststeppe,Южная лесостепь,1998,21,1998-05-18,1998-05-24,24.5,8.8
south_foreststeppe,Южная лесостепь,1998,22,1998-05-25,1998-05-31,0.1,19.4
south_foreststeppe,Южная лесостепь,1998,23,1998-06-01,1998-06-07,1.6,18.9
south_foreststeppe,Южная лесостепь,1998,24,1998-06-08,1998-06-14,10.8,16.8
south_foreststeppe,Южная лесостепь,1998,25,1998-06-15,1998-06-21,6.0,21.4
south_foreststeppe,Южная лесостепь,1998,26,1998-06-22,1998-06-28,13.0,14.5
south_foreststeppe,Южная лесостепь,1998,27,1998-06-29,1998-07-05,20.2,19.0
south_foreststeppe,Южная лесостепь,1998,28,1998-07-06,1998-07-12,0.0,25.6
south_foreststeppe,Южная лесостепь,1998,29,1998-07-13,1998-07-19,10.0,24.0
south_foreststeppe,Южная лесостепь,1998,30,1998-07-20,1998-07-26,0.0,23.7
south_foreststeppe,Южная лесостепь,1998,31,1998-07-27,1998-08-02,0.6,25.1
south_foreststeppe,Южная лесостепь,1998,32,1998-08-03,1998-08-09,1.0,26.4
south_foreststeppe,Южная лесостепь,1998,33,1998-08-10,1998-08-16,7.8,23.7
south_foreststeppe,Южная лесостепь,1998,34,1998-08-17,1998-08-23,15.4,15.6
south_foreststeppe,Южная лесостепь,1998,35,1998-08-24,1998-08-30,1.7,17.5
south_foreststeppe,Южная лесостепь,1998,36,1998-08-31,1998-09-06,40.3,11.9
south_foreststeppe,Южная лесостепь,1998,37,1998-09-07,1998-09-13,13.6,9.6
south_foreststeppe,Южная лесостепь,1998,38,1998-09-14,1998-09-20,11.0,10.7
south_foreststeppe,Южная лесостепь,1998,39,1998-09-21,1998-09-27,16.8,5.9
south_foreststeppe,Южная лесостепь,1998,40,1998-09-28,1998-10-04,17.9,3.4
south_foreststeppe,Южная лесостепь,1998,41,1998-10-05,1998-10-11,12.4,0.8
south_foreststeppe,Южная лесостепь,1998,42,1998-10-12,1998-10-18,14.3,5.4
south_foreststeppe,Южная лесостепь,1998,43,1998-10-19,1998-10-25,2.5,3.7
south_foreststeppe,Южная лесостепь,1998,44,1998-10-26,1998-10-31,2.0,4.4
south_foreststeppe,Южная лесостепь,1999,9,1999-03-01,1999-03-07,2.7,-17.0
south_foreststeppe,Южная лесостепь,1999,10,1999-03-08,1999-03-14,0.0,-20.3
south_foreststeppe,Южная лесостепь,1999,11,1999-03-15,1999-03-21,0.0,-16.8
south_foreststeppe,Южная лесостепь,1999,12,1999-03-22,1999-03-28,5.1,-11.6
south_foreststeppe,Южная лесостепь,1999,13,1999-03-29,1999-04-04,0.3,-1.5
south_foreststeppe,Южная лесостепь,1999,14,1999-04-05,1999-04-11,18.0,0.2
south_foreststeppe,Южная лесостепь,1999,15,1999-04-12,1999-04-18,9.9,3.5
south_foreststeppe,Южная лесостепь,1999,16,1999-04-19,1999-04-25,0.0,1.6
south_foreststeppe,Южная лесостепь,1999,17,1999-04-26,1999-05-02,0.9,10.1
south_foreststeppe,Южная лесостепь,1999,18,1999-05-03,1999-05-09,16.1,10.9
south_foreststeppe,Южная лесостепь,1999,19,1999-05-10,1999-05-16,1.9,14.3
south_foreststeppe,Южная лесостепь,1999,20,1999-05-17,1999-05-23,10.9,14.9
south_foreststeppe,Южная лесостепь,1999,21,1999-05-24,1999-05-30,2.2,17.1
south_foreststeppe,Южная лесостепь,1999,22,1999-05-31,1999-06-06,2.5,17.5
south_foreststeppe,Южная лесостепь,1999,23,1999-06-07,1999-06-13,16.5,11.7
south_foreststeppe,Южная лесостепь,1999,24,1999-06-14,1999-06-20,26.1,11.6
south_foreststeppe,Южная лесостепь,1999,25,1999-06-21,1999-06-27,0.4,17.7
south_foreststeppe,Южная лесостепь,1999,26,1999-06-28,1999-07-04,2.7,18.9
south_foreststeppe,Южная лесостепь,1999,27,1999-07-05,1999-07-11,0.0,24.9
south_foreststeppe,Южная лесостепь,1999,28,1999-07-12,1999-07-18,20.1,20.7
south_foreststeppe,Южная лесостепь,1999,29,1999-07-19,1999-07-25,3.6,20.1
south_foreststeppe,Южная лесостепь,1999,30,1999-07-26,1999-08-01,0.5,24.7
south_foreststeppe,Южная лесостепь,1999,31,1999-08-02,1999-08-08,8.3,15.6
south_foreststeppe,Южная лесостепь,1999,32,1999-08-09,1999-08-15,17.3,16.5
south_foreststeppe,Южная лесостепь,1999,33,1999-08-16,1999-08-22,1.1,21.8
south_foreststeppe,Южная лесостепь,1999,34,1999-08-23,1999-08-29,6.6,18.1
south_foreststeppe,Южная лесостепь,1999,35,1999-08-30,1999-09-05,17.7,12.5
south_foreststeppe,Южная лесостепь,1999,36,1999-09-06,1999-09-12,12.1,9.8
south_foreststeppe,Южная лесостепь,1999,37,1999-09-13,1999-09-19,1.8,14.0
south_foreststeppe,Южная лесостепь,1999,38,1999-09-20,1999-09-26,3.3,6.2
south_foreststeppe,Южная лесостепь,1999,39,1999-09-27,1999-10-03,15.9,9.7
south_foreststeppe,Южная лесостепь,1999,40,1999-10-04,1999-10-10,7.3,10.2
south_foreststeppe,Южная лесостепь,1999,41,1999-10-11,1999-10-17,0.1,8.1
south_foreststeppe,Южная лесостепь,1999,42,1999-10-18,1999-10-24,2.8,2.8
south_foreststeppe,Южная лесостепь,1999,43,1999-10-25,1999-10-31,1.0,1.5
south_foreststeppe,Южная лесостепь,2000,9,2000-03-01,2000-03-05,2.3,-7.7
south_foreststeppe,Южная лесостепь,2000,10,2000-03-06,2000-03-12,0.0,-8.5
south_foreststeppe,Южная лесостепь,2000,11,2000-03-13,2000-03-19,0.0,-6.2
south_foreststeppe,Южная лесостепь,2000,12,2000-03-20,2000-03-26,1.8,-3.0
south_foreststeppe,Южная лесостепь,2000,13,2000-03-27,2000-04-02,5.1,-2.4
south_foreststeppe,Южная лесостепь,2000,14,2000-04-03,2000-04-09,9.0,1.6
south_foreststeppe,Южная лесостепь,2000,15,2000-04-10,2000-04-16,9.1,5.7
south_foreststeppe,Южная лесостепь,2000,16,2000-04-17,2000-04-23,0.0,10.3
south_foreststeppe,Южная лесостепь,2000,17,2000-04-24,2000-04-30,7.4,9.3
south_foreststeppe,Южная лесостепь,2000,18,2000-05-01,2000-05-07,10.1,6.4
south_foreststeppe,Южная лесостепь,2000,19,2000-05-08,2000-05-14,15.6,8.4
south_foreststeppe,Южная лесостепь,2000,20,2000-05-15,2000-05-21,8.4,12.6
south_foreststeppe,Южная лесостепь,2000,21,2000-05-22,2000-05-28,12.0,16.0
south_foreststeppe,Южная лесостепь,2000,22,2000-05-29,2000-06-04,26.8,13.1
south_foreststeppe,Южная лесостепь,2000,23,2000-06-05,2000-06-11,10.5,15.0
south_foreststeppe,Южная лесостепь,2000,24,2000-06-12,2000-06-18,1.4,20.9
south_foreststeppe,Южная лесостепь,2000,25,2000-06-19,2000-06-25,2.4,25.0
south_foreststeppe,Южная лесостепь,2000,26,2000-06-26,2000-07-02,4.8,19.9
south_foreststeppe,Южная лесостепь,2000,27,2000-07-03,2000-07-09,3.3,21.2
south_foreststeppe,Южная лесостепь,2000,28,2000-07-10,2000-07-16,3.3,19.4
south_foreststeppe,Южная лесостепь,2000,29,2000-07-17,2000-07-23,5.8,18.4
south_foreststeppe,Южная лесостепь,2000,30,2000-07-24,2000-07-30,9.9,21.0
south_foreststeppe,Южная лесостепь,2000,31,2000-07-31,2000-08-06,7.3,22.6
south_foreststeppe,Южная лесостепь,2000,32,2000-08-07,2000-08-13,29.7,18.6
south_foreststeppe,Южная лесостепь,2000,33,2000-08-14,2000-08-20,2.4,17.7
south_foreststeppe,Южная лесостепь,2000,34,2000-08-21,2000-08-27,14.3,15.7
south_foreststeppe,Южная лесостепь,2000,35,2000-08-28,2000-09-03,3.3,13.1
south_foreststeppe,Южная лесостепь,2000,36,2000-09-04,2000-09-10,0.0,17.8
south_foreststeppe,Южная лесостепь,2000,37,2000-09-11,2000-09-17,3.8,12.2
south_foreststeppe,Южная лесостепь,2000,38,2000-09-18,2000-09-24,2.9,6.9
south_foreststeppe,Южная лесостепь,2000,39,2000-09-25,2000-10-01,5.6,5.0
south_foreststeppe,Южная лесостепь,2000,40,2000-10-02,2000-10-08,1.2,0.1
south_foreststeppe,Южная лесостепь,2000,41,2000-10-09,2000-10-15,13.4,1.2
south_foreststeppe,Южная лесостепь,2000,42,2000-10-16,2000-10-22,11.3,-2.0
south_foreststeppe,Южная лесостепь,2000,43,2000-10-23,2000-10-29,1.1,-0.2
south_foreststeppe,Южная лесостепь,2000,44,2000-10-30,2000-10-31,3.5,0.2
south_foreststeppe,Южная лесостепь,2001,9,2001-03-01,2001-03-04,2.1,-13.6
south_foreststeppe,Южная лесостепь,2001,10,2001-03-05,2001-03-11,10.3,-7.1
south_foreststeppe,Южная лесостепь,2001,11,2001-03-12,2001-03-18,2.0,-2.2
south_foreststeppe,Южная лесостепь,2001,12,2001-03-19,2001-03-25,7.4,-2.1
south_foreststeppe,Южная лесостепь,2001,13,2001-03-26,2001-04-01,10.9,0.1
south_foreststeppe,Южная лесостепь,2001,14,2001-04-02,2001-04-08,10.6,-2.5
south_foreststeppe,Южная лесостепь,2001,15,2001-04-09,2001-04-15,13.1,4.6
south_foreststeppe,Южная лесостепь,2001,16,2001-04-16,2001-04-22,0.0,6.3
south_foreststeppe,Южная лесостепь,2001,17,2001-04-23,2001-04-29,19.6,6.9
south_foreststeppe,Южная лесостепь,2001,18,2001-04-30,2001-05-06,0.0,12.3
south_foreststeppe,Южная лесостепь,2001,19,2001-05-07,2001-05-13,12.4,14.7
south_foreststeppe,Южная лесостепь,2001,20,2001-05-14,2001-05-20,3.2,14.8
south_foreststeppe,Южная лесостепь,2001,21,2001-05-21,2001-05-27,0.0,20.7
south_foreststeppe,Южная лесостепь,2001,22,2001-05-28,2001-06-03,18.5,19.2
south_foreststeppe,Южная лесостепь,2001,23,2001-06-04,2001-06-10,29.2,14.1
south_foreststeppe,Южная лесостепь,2001,24,2001-06-11,2001-06-17,14.7,17.8
south_foreststeppe,Южная лесостепь,2001,25,2001-06-18,2001-06-24,20.5,17.0
south_foreststeppe,Южная лесостепь,2001,26,2001-06-25,2001-07-01,11.7,18.1
south_foreststeppe,Южная лесостепь,2001,27,2001-07-02,2001-07-08,18.0,16.3
south_foreststeppe,Южная лесостепь,2001,28,2001-07-09,2001-07-15,23.2,15.7
south_foreststeppe,Южная лесостепь,2001,29,2001-07-16,2001-07-22,11.2,18.5
south_foreststeppe,Южная лесостепь,2001,30,2001-07-23,2001-07-29,9.4,17.1
south_foreststeppe,Южная лесостепь,2001,31,2001-07-30,2001-08-05,2.5,21.2
south_foreststeppe,Южная лесостепь,2001,32,2001-08-06,2001-08-12,16.7,17.6
south_foreststeppe,Южная лесостепь,2001,33,2001-08-13,2001-08-19,8.1,19.9
south_foreststeppe,Южная лесостепь,2001,34,2001-08-20,2001-08-26,34.6,14.2
south_foreststeppe,Южная лесостепь,2001,35,2001-08-27,2001-09-02,7.4,14.4
south_foreststeppe,Южная лесостепь,2001,36,2001-09-03,2001-09-09,8.9,14.5
south_foreststeppe,Южная лесостепь,2001,37,2001-09-10,2001-09-16,5.2,8.6
south_foreststeppe,Южная лесостепь,2001,38,2001-09-17,2001-09-23,7.9,8.9
south_foreststeppe,Южная лесостепь,2001,39,2001-09-24,2001-09-30,3.5,10.4
south_foreststeppe,Южная лесостепь,2001,40,2001-10-01,2001-10-07,14.9,6.9
south_foreststeppe,Южная лесостепь,2001,41,2001-10-08,2001-10-14,12.1,2.6
south_foreststeppe,Южная лесостепь,2001,42,2001-10-15,2001-10-21,9.9,-0.7
south_foreststeppe,Южная лесостепь,2001,43,2001-10-22,2001-10-28,3.8,-0.3
south_foreststeppe,Южная лесостепь,2001,44,2001-10-29,2001-10-31,0.0,-2.3
south_foreststeppe,Южная лесостепь,2002,9,2002-03-01,2002-03-03,0.5,-5.5
south_foreststeppe,Южная лесостепь,2002,10,2002-03-04,2002-03-10,14.1,0.1
south_foreststeppe,Южная лесостепь,2002,11,2002-03-11,2002-03-17,6.6,-2.1
south_foreststeppe,Южная лесостепь,2002,12,2002-03-18,2002-03-24,1.4,-1.6
south_foreststeppe,Южная лесостепь,2002,13,2002-03-25,2002-03-31,12.2,-3.4
south_foreststeppe,Южная лесостепь,2002,14,2002-04-01,2002-04-07,5.7,-10.4
south_foreststeppe,Южная лесостепь,2002,15,2002-04-08,2002-04-14,11.8,-3.0
south_foreststeppe,Южная лесостепь,2002,16,2002-04-15,2002-04-21,5.4,1.7
south_foreststeppe,Южная лесостепь,2002,17,2002-04-22,2002-04-28,3.0,7.4
south_foreststeppe,Южная лесостепь,2002,18,2002-04-29,2002-05-05,1.2,8.3
south_foreststeppe,Южная лесостепь,2002,19,2002-05-06,2002-05-12,10.1,11.8
south_foreststeppe,Южная лесостепь,2002,20,2002-05-13,2002-05-19,8.2,10.7
south_foreststeppe,Южная лесостепь,2002,21,2002-05-20,2002-05-26,5.5,15.8
south_foreststeppe,Южная лесостепь,2002,22,2002-05-27,2002-06-02,21.7,10.8
south_foreststeppe,Южная лесостепь,2002,23,2002-06-03,2002-06-09,3.2,14.7
south_foreststeppe,Южная лесостепь,2002,24,2002-06-10,2002-06-16,12.4,17.3
south_foreststeppe,Южная лесостепь,2002,25,2002-06-17,2002-06-23,26.5,19.0
south_foreststeppe,Южная лесостепь,2002,26,2002-06-24,2002-06-30,7.0,17.2
south_foreststeppe,Южная лесостепь,2002,27,2002-07-01,2002-07-07,12.9,19.5
south_foreststeppe,Южная лесостепь,2002,28,2002-07-08,2002-07-14,18.9,17.6
south_foreststeppe,Южная лесостепь,2002,29,2002-07-15,2002-07-21,13.5,16.3
south_foreststeppe,Южная лесостепь,2002,30,2002-07-22,2002-07-28,1.9,19.9
south_foreststeppe,Южная лесостепь,2002,31,2002-07-29,2002-08-04,15.0,18.1
south_foreststeppe,Южная лесостепь,2002,32,2002-08-05,2002-08-11,44.2,18.1
south_foreststeppe,Южная лесостепь,2002,33,2002-08-12,2002-08-18,4.7,15.8
south_foreststeppe,Южная лесостепь,2002,34,2002-08-19,2002-08-25,17.9,15.1
south_foreststeppe,Южная лесостепь,2002,35,2002-08-26,2002-09-01,20.9,13.1
south_foreststeppe,Южная лесостепь,2002,36,2002-09-02,2002-09-08,6.3,13.5
south_foreststeppe,Южная лесостепь,2002,37,2002-09-09,2002-09-15,5.2,12.9
south_foreststeppe,Южная лесостепь,2002,38,2002-09-16,2002-09-22,0.4,13.5
south_foreststeppe,Южная лесостепь,2002,39,2002-09-23,2002-09-29,8.5,9.4
south_foreststeppe,Южная лесостепь,2002,40,2002-09-30,2002-10-06,4.0,7.9
south_foreststeppe,Южная лесостепь,2002,41,2002-10-07,2002-10-13,32.0,2.5
south_foreststeppe,Южная лесостепь,2002,42,2002-10-14,2002-10-20,5.6,-3.0
south_foreststeppe,Южная лесостепь,2002,43,2002-10-21,2002-10-27,0.5,2.6
south_foreststeppe,Южная лесостепь,2002,44,2002-10-28,2002-10-31,0.0,-0.4
south_foreststeppe,Южная лесостепь,2003,9,2003-03-01,2003-03-02,0.0,-11.7
south_foreststeppe,Южная лесостепь,2003,10,2003-03-03,2003-03-09,0.0,-15.2
south_foreststeppe,Южная лесостепь,2003,11,2003-03-10,2003-03-16,0.0,-9.2
south_foreststeppe,Южная лесостепь,2003,12,2003-03-17,2003-03-23,1.8,-4.5
south_foreststeppe,Южная лесостепь,2003,13,2003-03-24,2003-03-30,1.8,-2.2
south_foreststeppe,Южная лесостепь,2003,14,2003-03-31,2003-04-06,3.7,-1.9
south_foreststeppe,Южная лесостепь,2003,15,2003-04-07,2003-04-13,3.4,0.2
south_foreststeppe,Южная лесостепь,2003,16,2003-04-14,2003-04-20,3.3,-2.5
south_foreststeppe,Южная лесостепь,2003,17,2003-04-21,2003-04-27,10.9,9.0
south_foreststeppe,Южная лесостепь,2003,18,2003-04-28,2003-05-04,5.0,7.7
south_foreststeppe,Южная лесостепь,2003,19,2003-05-05,2003-05-11,0.0,13.7
south_foreststeppe,Южная лесостепь,2003,20,2003-05-12,2003-05-18,0.0,18.7
south_foreststeppe,Южная лесостепь,2003,21,2003-05-19,2003-05-25,5.7,16.4
south_foreststeppe,Южная лесостепь,2003,22,2003-05-26,2003-06-01,7.1,14.7
south_foreststeppe,Южная лесостепь,2003,23,2003-06-02,2003-06-08,23.0,17.2
south_foreststeppe,Южная лесостепь,2003,24,2003-06-09,2003-06-15,12.1,17.0
south_foreststeppe,Южная лесостепь,2003,25,2003-06-16,2003-06-22,15.2,17.8
south_foreststeppe,Южная лесостепь,2003,26,2003-06-23,2003-06-29,1.1,21.4
south_foreststeppe,Южная лесостепь,2003,27,2003-06-30,2003-07-06,2.0,23.9
south_foreststeppe,Южная лесостепь,2003,28,2003-07-07,2003-07-13,29.8,18.9
south_foreststeppe,Южная лесостепь,2003,29,2003-07-14,2003-07-20,44.7,16.1
south_foreststeppe,Южная лесостепь,2003,30,2003-07-21,2003-07-27,10.6,13.6
south_foreststeppe,Южная лесостепь,2003,31,2003-07-28,2003-08-03,2.9,17.7
south_foreststeppe,Южная лесостепь,2003,32,2003-08-04,2003-08-10,20.5,20.7
south_foreststeppe,Южная лесостепь,2003,33,2003-08-11,2003-08-17,63.2,17.8
south_foreststeppe,Южная лесостепь,2003,34,2003-08-18,2003-08-24,0.0,19.9
south_foreststeppe,Южная лесостепь,2003,35,2003-08-25,2003-08-31,3.6,20.3
south_foreststeppe,Южная лесостепь,2003,36,2003-09-01,2003-09-07,1.7,20.1
south_foreststeppe,Южная лесостепь,2003,37,2003-09-08,2003-09-14,14.0,12.4
south_foreststeppe,Южная лесостепь,2003,38,2003-09-15,2003-09-21,0.0,12.8
south_foreststeppe,Южная лесостепь,2003,39,2003-09-22,2003-09-28,2.1,6.2
south_foreststeppe,Южная лесостепь,2003,40,2003-09-29,2003-10-05,0.0,7.9
south_foreststeppe,Южная лесостепь,2003,41,2003-10-06,2003-10-12,0.0,3.9
south_foreststeppe,Южная лесостепь,2003,42,2003-10-13,2003-10-19,2.9,5.6
south_foreststeppe,Южная лесостепь,2003,43,2003-10-20,2003-10-26,15.8,2.6
south_foreststeppe,Южная лесостепь,2003,44,2003-10-27,2003-10-31,2.2,-1.6
south_foreststeppe,Южная лесостепь,2004,10,2004-03-01,2004-03-07,14.5,-6.5
south_foreststeppe,Южная лесостепь,2004,11,2004-03-08,2004-03-14,4.7,-12.5
south_foreststeppe,Южная лесостепь,2004,12,2004-03-15,2004-03-21,0.1,-12.3
south_foreststeppe,Южная лесостепь,2004,13,2004-03-22,2004-03-28,13.9,-10.1
south_foreststeppe,Южная лесостепь,2004,14,2004-03-29,2004-04-04,9.7,0.8
south_foreststeppe,Южная лесостепь,2004,15,2004-04-05,2004-04-11,19.4,0.2
south_foreststeppe,Южная лесостепь,2004,16,2004-04-12,2004-04-18,15.0,2.2
south_foreststeppe,Южная лесостепь,2004,17,2004-04-19,2004-04-25,5.6,1.8
south_foreststeppe,Южная лесостепь,2004,18,2004-04-26,2004-05-02,0.3,4.0
south_foreststeppe,Южная лесостепь,2004,19,2004-05-03,2004-05-09,4.4,9.5
south_foreststeppe,Южная лесостепь,2004,20,2004-05-10,2004-05-16,0.0,19.6
south_foreststeppe,Южная лесостепь,2004,21,2004-05-17,2004-05-23,28.9,18.2
south_foreststeppe,Южная лесостепь,2004,22,2004-05-24,2004-05-30,5.9,17.2
south_foreststeppe,Южная лесостепь,2004,23,2004-05-31,2004-06-06,5.9,19.8
south_foreststeppe,Южная лесостепь,2004,24,2004-06-07,2004-06-13,5.3,18.8
south_foreststeppe,Южная лесостепь,2004,25,2004-06-14,2004-06-20,9.6,20.8
south_foreststeppe,Южная лесостепь,2004,26,2004-06-21,2004-06-27,14.7,17.9
south_foreststeppe,Южная лесостепь,2004,27,2004-06-28,2004-07-04,26.6,17.5
south_foreststeppe,Южная лесостепь,2004,28,2004-07-05,2004-07-11,19.9,17.3
south_foreststeppe,Южная лесостепь,2004,29,2004-07-12,2004-07-18,6.0,20.8
south_foreststeppe,Южная лесостепь,2004,30,2004-07-19,2004-07-25,0.3,21.3
south_foreststeppe,Южная лесостепь,2004,31,2004-07-26,2004-08-01,0.9,23.9
south_foreststeppe,Южная лесостепь,2004,32,2004-08-02,2004-08-08,3.6,16.7
south_foreststeppe,Южная лесостепь,2004,33,2004-08-09,2004-08-15,8.6,19.3
south_foreststeppe,Южная лесостепь,2004,34,2004-08-16,2004-08-22,10.0,17.0
south_foreststeppe,Южная лесостепь,2004,35,2004-08-23,2004-08-29,12.9,16.0
south_foreststeppe,Южная лесостепь,2004,36,2004-08-30,2004-09-05,18.5,12.4
south_foreststeppe,Южная лесостепь,2004,37,2004-09-06,2004-09-12,12.6,11.8
south_foreststeppe,Южная лесостепь,2004,38,2004-09-13,2004-09-19,7.5,13.6
south_foreststeppe,Южная лесостепь,2004,39,2004-09-20,2004-09-26,18.8,8.1
south_foreststeppe,Южная лесостепь,2004,40,2004-09-27,2004-10-03,4.3,9.9
south_foreststeppe,Южная лесостепь,2004,41,2004-10-04,2004-10-10,22.6,7.9
south_foreststeppe,Южная лесостепь,2004,42,2004-10-11,2004-10-17,15.9,5.2
south_foreststeppe,Южная лесостепь,2004,43,2004-10-18,2004-10-24,0.3,0.0
south_foreststeppe,Южная лесостепь,2004,44,2004-10-25,2004-10-31,10.7,1.5
south_foreststeppe,Южная лесостепь,2005,9,2005-03-01,2005-03-06,0.0,-7.8
south_foreststeppe,Южная лесостепь,2005,10,2005-03-07,2005-03-13,4.8,-6.9
south_foreststeppe,Южная лесостепь,2005,11,2005-03-14,2005-03-20,4.6,-3.1
south_foreststeppe,Южная лесостепь,2005,12,2005-03-21,2005-03-27,7.5,-3.5
south_foreststeppe,Южная лесостепь,2005,13,2005-03-28,2005-04-03,6.7,-3.3
south_foreststeppe,Южная лесостепь,2005,14,2005-04-04,2005-04-10,7.3,-3.4
south_foreststeppe,Южная лесостепь,2005,15,2005-04-11,2005-04-17,9.8,2.5
south_foreststeppe,Южная лесостепь,2005,16,2005-04-18,2005-04-24,1.3,12.7
south_foreststeppe,Южная лесостепь,2005,17,2005-04-25,2005-05-01,0.0,9.1
south_foreststeppe,Южная лесостепь,2005,18,2005-05-02,2005-05-08,1.5,9.7
south_foreststeppe,Южная лесостепь,2005,19,2005-05-09,2005-05-15,2.8,12.5
south_foreststeppe,Южная лесостепь,2005,20,2005-05-16,2005-05-22,17.5,16.9
south_foreststeppe,Южная лесостепь,2005,21,2005-05-23,2005-05-29,12.4,12.7
south_foreststeppe,Южная лесостепь,2005,22,2005-05-30,2005-06-05,18.7,15.0
south_foreststeppe,Южная лесостепь,2005,23,2005-06-06,2005-06-12,6.7,23.4
south_foreststeppe,Южная лесостепь,2005,24,2005-06-13,2005-06-19,13.2,18.4
south_foreststeppe,Южная лесостепь,2005,25,2005-06-20,2005-06-26,23.9,20.3
south_foreststeppe,Южная лесостепь,2005,26,2005-06-27,2005-07-03,7.2,21.8
south_foreststeppe,Южная лесостепь,2005,27,2005-07-04,2005-07-10,27.9,20.3
south_foreststeppe,Южная лесостепь,2005,28,2005-07-11,2005-07-17,26.0,17.0
south_foreststeppe,Южная лесостепь,2005,29,2005-07-18,2005-07-24,3.3,19.3
south_foreststeppe,Южная лесостепь,2005,30,2005-07-25,2005-07-31,8.7,22.4
south_foreststeppe,Южная лесостепь,2005,31,2005-08-01,2005-08-07,26.3,20.8
south_foreststeppe,Южная лесостепь,2005,32,2005-08-08,2005-08-14,10.2,15.0
south_foreststeppe,Южная лесостепь,2005,33,2005-08-15,2005-08-21,7.8,21.9
south_foreststeppe,Южная лесостепь,2005,34,2005-08-22,2005-08-28,33.3,12.1
south_foreststeppe,Южная лесостепь,2005,35,2005-08-29,2005-09-04,26.0,15.3
south_foreststeppe,Южная лесостепь,2005,36,2005-09-05,2005-09-11,16.2,14.2
south_foreststeppe,Южная лесостепь,2005,37,2005-09-12,2005-09-18,3.3,9.7
south_foreststeppe,Южная лесостепь,2005,38,2005-09-19,2005-09-25,5.5,9.5
south_foreststeppe,Южная лесостепь,2005,39,2005-09-26,2005-10-02,0.3,9.5
south_foreststeppe,Южная лесостепь,2005,40,2005-10-03,2005-10-09,3.1,6.1
south_foreststeppe,Южная лесостепь,2005,41,2005-10-10,2005-10-16,0.0,4.6
south_foreststeppe,Южная лесостепь,2005,42,2005-10-17,2005-10-23,9.5,6.1
south_foreststeppe,Южная лесостепь,2005,43,2005-10-24,2005-10-30,2.0,2.6
south_foreststeppe,Южная лесостепь,2005,44,2005-10-31,2005-10-31,2.0,-1.1
south_foreststeppe,Южная лесостепь,2006,9,2006-03-01,2006-03-05,0.9,-9.9
south_foreststeppe,Южная лесостепь,2006,10,2006-03-06,2006-03-12,8.6,-4.3
south_foreststeppe,Южная лесостепь,2006,11,2006-03-13,2006-03-19,0.8,-5.1
south_foreststeppe,Южная лесостепь,2006,12,2006-03-20,2006-03-26,1.3,-0.8
south_foreststeppe,Южная лесостепь,2006,13,2006-03-27,2006-04-02,11.0,-1.4
south_foreststeppe,Южная лесостепь,2006,14,2006-04-03,2006-04-09,6.1,-4.6
south_foreststeppe,Южная лесостепь,2006,15,2006-04-10,2006-04-16,4.1,2.2
south_foreststeppe,Южная лесостепь,2006,16,2006-04-17,2006-04-23,6.7,5.7
south_foreststeppe,Южная лесостепь,2006,17,2006-04-24,2006-04-30,12.2,4.9
south_foreststeppe,Южная лесостепь,2006,18,2006-05-01,2006-05-07,2.1,3.6
south_foreststeppe,Южная лесостепь,2006,19,2006-05-08,2006-05-14,0.3,13.5
south_foreststeppe,Южная лесостепь,2006,20,2006-05-15,2006-05-21,14.5,11.3
south_foreststeppe,Южная лесостепь,2006,21,2006-05-22,2006-05-28,4.3,16.0
south_foreststeppe,Южная лесостепь,2006,22,2006-05-29,2006-06-04,7.4,18.6
south_foreststeppe,Южная лесостепь,2006,23,2006-06-05,2006-06-11,2.5,22.9
south_foreststeppe,Южная лесостепь,2006,24,2006-06-12,2006-06-18,3.4,21.3
south_foreststeppe,Южная лесостепь,2006,25,2006-06-19,2006-06-25,17.8,23.3
south_foreststeppe,Южная лесостепь,2006,26,2006-06-26,2006-07-02,29.5,22.6
south_foreststeppe,Южная лесостепь,2006,27,2006-07-03,2006-07-09,7.9,17.5
south_foreststeppe,Южная лесостепь,2006,28,2006-07-10,2006-07-16,8.2,20.0
south_foreststeppe,Южная лесостепь,2006,29,2006-07-17,2006-07-23,5.8,23.1
south_foreststeppe,Южная лесостепь,2006,30,2006-07-24,2006-07-30,14.9,16.3
south_foreststeppe,Южная лесостепь,2006,31,2006-07-31,2006-08-06,6.8,16.1
south_foreststeppe,Южная лесостепь,2006,32,2006-08-07,2006-08-13,13.0,16.5
south_foreststeppe,Южная лесостепь,2006,33,2006-08-14,2006-08-20,27.2,15.1
south_foreststeppe,Южная лесостепь,2006,34,2006-08-21,2006-08-27,2.0,16.3
south_foreststeppe,Южная лесостепь,2006,35,2006-08-28,2006-09-03,1.4,15.4
south_foreststeppe,Южная лесостепь,2006,36,2006-09-04,2006-09-10,1.1,16.7
south_foreststeppe,Южная лесостепь,2006,37,2006-09-11,2006-09-17,14.3,14.0
south_foreststeppe,Южная лесостепь,2006,38,2006-09-18,2006-09-24,19.6,8.4
south_foreststeppe,Южная лесостепь,2006,39,2006-09-25,2006-10-01,2.0,7.6
south_foreststeppe,Южная лесостепь,2006,40,2006-10-02,2006-10-08,11.3,4.0
south_foreststeppe,Южная лесостепь,2006,41,2006-10-09,2006-10-15,21.0,1.7
south_foreststeppe,Южная лесостепь,2006,42,2006-10-16,2006-10-22,3.2,0.1
south_foreststeppe,Южная лесостепь,2006,43,2006-10-23,2006-10-29,2.5,4.9
south_foreststeppe,Южная лесостепь,2006,44,2006-10-30,2006-10-31,1.9,5.1
south_foreststeppe,Южная лесостепь,2007,9,2007-03-01,2007-03-04,0.0,-18.1
south_foreststeppe,Южная лесостепь,2007,10,2007-03-05,2007-03-11,1.0,-10.5
south_foreststeppe,Южная лесостепь,2007,11,2007-03-12,2007-03-18,1.6,-11.5
south_foreststeppe,Южная лесостепь,2007,12,2007-03-19,2007-03-25,1.6,-0.2
south_foreststeppe,Южная лесостепь,2007,13,2007-03-26,2007-04-01,3.0,-2.1
south_foreststeppe,Южная лесостепь,2007,14,2007-04-02,2007-04-08,7.1,0.9
south_foreststeppe,Южная лесостепь,2007,15,2007-04-09,2007-04-15,12.3,4.9
south_foreststeppe,Южная лесостепь,2007,16,2007-04-16,2007-04-22,11.6,7.0
south_foreststeppe,Южная лесостепь,2007,17,2007-04-23,2007-04-29,11.1,12.0
south_foreststeppe,Южная лесостепь,2007,18,2007-04-30,2007-05-06,8.2,10.8
south_foreststeppe,Южная лесостепь,2007,19,2007-05-07,2007-05-13,34.8,10.2
south_foreststeppe,Южная лесостепь,2007,20,2007-05-14,2007-05-20,8.0,14.4
south_foreststeppe,Южная лесостепь,2007,21,2007-05-21,2007-05-27,10.4,13.0
south_foreststeppe,Южная лесостепь,2007,22,2007-05-28,2007-06-03,7.4,12.7
south_foreststeppe,Южная лесостепь,2007,23,2007-06-04,2007-06-10,12.9,11.0
south_foreststeppe,Южная лесостепь,2007,24,2007-06-11,2007-06-17,18.5,14.8
south_foreststeppe,Южная лесостепь,2007,25,2007-06-18,2007-06-24,17.6,22.0
south_foreststeppe,Южная лесостепь,2007,26,2007-06-25,2007-07-01,17.3,20.0
south_foreststeppe,Южная лесостепь,2007,27,2007-07-02,2007-07-08,64.3,21.0
south_foreststeppe,Южная лесостепь,2007,28,2007-07-09,2007-07-15,23.9,22.9
south_foreststeppe,Южная лесостепь,2007,29,2007-07-16,2007-07-22,17.0,21.1
south_foreststeppe,Южная лесостепь,2007,30,2007-07-23,2007-07-29,9.5,17.3
south_foreststeppe,Южная лесостепь,2007,31,2007-07-30,2007-08-05,8.7,21.0
south_foreststeppe,Южная лесостепь,2007,32,2007-08-06,2007-08-12,41.2,16.4
south_foreststeppe,Южная лесостепь,2007,33,2007-08-13,2007-08-19,3.4,13.4
south_foreststeppe,Южная лесостепь,2007,34,2007-08-20,2007-08-26,7.8,16.7
south_foreststeppe,Южная лесостепь,2007,35,2007-08-27,2007-09-02,4.9,23.0
south_foreststeppe,Южная лесостепь,2007,36,2007-09-03,2007-09-09,2.4,15.7
south_foreststeppe,Южная лесостепь,2007,37,2007-09-10,2007-09-16,1.6,14.9
south_foreststeppe,Южная лесостепь,2007,38,2007-09-17,2007-09-23,13.4,9.9
south_foreststeppe,Южная лесостепь,2007,39,2007-09-24,2007-09-30,2.8,9.4
south_foreststeppe,Южная лесостепь,2007,40,2007-10-01,2007-10-07,7.2,6.7
south_foreststeppe,Южная лесостепь,2007,41,2007-10-08,2007-10-14,2.1,6.0
south_foreststeppe,Южная лесостепь,2007,42,2007-10-15,2007-10-21,1.0,6.7
south_foreststeppe,Южная лесостепь,2007,43,2007-10-22,2007-10-28,8.0,1.7
south_foreststeppe,Южная лесостепь,2007,44,2007-10-29,2007-10-31,0.0,3.4
south_foreststeppe,Южная лесостепь,2008,9,2008-03-01,2008-03-02,0.8,-0.3
south_foreststeppe,Южная лесостепь,2008,10,2008-03-03,2008-03-09,5.5,-3.2
south_foreststeppe,Южная лесостепь,2008,11,2008-03-10,2008-03-16,0.8,-7.1
south_foreststeppe,Южная лесостепь,2008,12,2008-03-17,2008-03-23,11.4,-2.8
south_foreststeppe,Южная лесостепь,2008,13,2008-03-24,2008-03-30,0.0,0.9
south_foreststeppe,Южная лесостепь,2008,14,2008-03-31,2008-04-06,0.0,2.6
south_foreststeppe,Южная лесостепь,2008,15,2008-04-07,2008-04-13,2.5,7.1
south_foreststeppe,Южная лесостепь,2008,16,2008-04-14,2008-04-20,0.9,-0.6
south_foreststeppe,Южная лесостепь,2008,17,2008-04-21,2008-04-27,16.3,10.4
south_foreststeppe,Южная лесостепь,2008,18,2008-04-28,2008-05-04,7.0,2.9
south_foreststeppe,Южная лесостепь,2008,19,2008-05-05,2008-05-11,2.6,13.3
south_foreststeppe,Южная лесостепь,2008,20,2008-05-12,2008-05-18,0.7,16.8
south_foreststeppe,Южная лесостепь,2008,21,2008-05-19,2008-05-25,7.9,12.6
south_foreststeppe,Южная лесостепь,2008,22,2008-05-26,2008-06-01,6.4,16.5
south_foreststeppe,Южная лесостепь,2008,23,2008-06-02,2008-06-08,25.1,15.4
south_foreststeppe,Южная лесостепь,2008,24,2008-06-09,2008-06-15,7.5,15.3
south_foreststeppe,Южная лесостепь,2008,25,2008-06-16,2008-06-22,2.1,20.2
south_foreststeppe,Южная лесостепь,2008,26,2008-06-23,2008-06-29,8.9,20.1
south_foreststeppe,Южная лесостепь,2008,27,2008-06-30,2008-07-06,6.4,19.7
south_foreststeppe,Южная лесостепь,2008,28,2008-07-07,2008-07-13,4.1,23.8
south_foreststeppe,Южная лесостепь,2008,29,2008-07-14,2008-07-20,21.5,23.5
south_foreststeppe,Южная лесостепь,2008,30,2008-07-21,2008-07-27,2.1,22.7
south_foreststeppe,Южная лесостепь,2008,31,2008-07-28,2008-08-03,9.5,22.3
south_foreststeppe,Южная лесостепь,2008,32,2008-08-04,2008-08-10,9.2,19.1
south_foreststeppe,Южная лесостепь,2008,33,2008-08-11,2008-08-17,2.1,19.9
south_foreststeppe,Южная лесостепь,2008,34,2008-08-18,2008-08-24,24.9,14.9
south_foreststeppe,Южная лесостепь,2008,35,2008-08-25,2008-08-31,6.8,17.6
south_foreststeppe,Южная лесостепь,2008,36,2008-09-01,2008-09-07,1.2,14.0
south_foreststeppe,Южная лесостепь,2008,37,2008-09-08,2008-09-14,30.9,11.2
south_foreststeppe,Южная лесостепь,2008,38,2008-09-15,2008-09-21,19.7,5.8
south_foreststeppe,Южная лесостепь,2008,39,2008-09-22,2008-09-28,2.5,6.9
south_foreststeppe,Южная лесостепь,2008,40,2008-09-29,2008-10-05,0.0,6.9
south_foreststeppe,Южная лесостепь,2008,41,2008-10-06,2008-10-12,8.5,8.7
south_foreststeppe,Южная лесостепь,2008,42,2008-10-13,2008-10-19,12.5,3.0
south_foreststeppe,Южная лесостепь,2008,43,2008-10-20,2008-10-26,0.0,2.2
south_foreststeppe,Южная лесостепь,2008,44,2008-10-27,2008-10-31,0.0,3.5
south_foreststeppe,Южная лесостепь,2009,9,2009-03-01,2009-03-01,0.0,-12.8
south_foreststeppe,Южная лесостепь,2009,10,2009-03-02,2009-03-08,0.1,-10.1
south_foreststeppe,Южная лесостепь,2009,11,2009-03-09,2009-03-15,0.9,-6.0
south_foreststeppe,Южная лесостепь,2009,12,2009-03-16,2009-03-22,0.2,-8.2
south_foreststeppe,Южная лесостепь,2009,13,2009-03-23,2009-03-29,0.0,0.6
south_foreststeppe,Южная лесостепь,2009,14,2009-03-30,2009-04-05,5.1,6.7
south_foreststeppe,Южная лесостепь,2009,15,2009-04-06,2009-04-12,10.5,0.7
south_foreststeppe,Южная лесостепь,2009,16,2009-04-13,2009-04-19,3.7,2.5
south_foreststeppe,Южная лесостепь,2009,17,2009-04-20,2009-04-26,6.5,7.7
south_foreststeppe,Южная лесостепь,2009,18,2009-04-27,2009-05-03,10.2,7.6
south_foreststeppe,Южная лесостепь,2009,19,2009-05-04,2009-05-10,2.7,9.8
south_foreststeppe,Южная лесостепь,2009,20,2009-05-11,2009-05-17,6.2,17.3
south_foreststeppe,Южная лесостепь,2009,21,2009-05-18,2009-05-24,33.8,7.3
south_foreststeppe,Южная лесостепь,2009,22,2009-05-25,2009-05-31,1.4,16.1
south_foreststeppe,Южная лесостепь,2009,23,2009-06-01,2009-06-07,0.3,17.8
south_foreststeppe,Южная лесостепь,2009,24,2009-06-08,2009-06-14,21.2,19.0
south_foreststeppe,Южная лесостепь,2009,25,2009-06-15,2009-06-21,13.2,17.7
south_foreststeppe,Южная лесостепь,2009,26,2009-06-22,2009-06-28,14.1,13.6
south_foreststeppe,Южная лесостепь,2009,27,2009-06-29,2009-07-05,21.1,15.3
south_foreststeppe,Южная лесостепь,2009,28,2009-07-06,2009-07-12,8.9,21.6
south_foreststeppe,Южная лесостепь,2009,29,2009-07-13,2009-07-19,42.5,19.3
south_foreststeppe,Южная лесостепь,2009,30,2009-07-20,2009-07-26,23.8,17.1
south_foreststeppe,Южная лесостепь,2009,31,2009-07-27,2009-08-02,32.8,17.1
south_foreststeppe,Южная лесостепь,2009,32,2009-08-03,2009-08-09,19.3,17.6
south_foreststeppe,Южная лесостепь,2009,33,2009-08-10,2009-08-16,6.8,13.9
south_foreststeppe,Южная лесостепь,2009,34,2009-08-17,2009-08-23,4.0,18.6
south_foreststeppe,Южная лесостепь,2009,35,2009-08-24,2009-08-30,3.6,18.5
south_foreststeppe,Южная лесостепь,2009,36,2009-08-31,2009-09-06,29.1,11.5
south_foreststeppe,Южная лесостепь,2009,37,2009-09-07,2009-09-13,4.8,13.5
south_foreststeppe,Южная лесостепь,2009,38,2009-09-14,2009-09-20,4.2,10.1
south_foreststeppe,Южная лесостепь,2009,39,2009-09-21,2009-09-27,6.9,10.7
south_foreststeppe,Южная лесостепь,2009,40,2009-09-28,2009-10-04,7.9,11.5
south_foreststeppe,Южная лесостепь,2009,41,2009-10-05,2009-10-11,1.1,7.3
south_foreststeppe,Южная лесостепь,2009,42,2009-10-12,2009-10-18,2.9,5.5
south_foreststeppe,Южная лесостепь,2009,43,2009-10-19,2009-10-25,3.6,3.2
south_foreststeppe,Южная лесостепь,2009,44,2009-10-26,2009-10-31,0.5,-4.4
south_foreststeppe,Южная лесостепь,2010,9,2010-03-01,2010-03-07,0.0,-15.2
south_foreststeppe,Южная лесостепь,2010,10,2010-03-08,2010-03-14,8.9,-6.9
south_foreststeppe,Южная лесостепь,2010,11,2010-03-15,2010-03-21,11.9,-6.5
south_foreststeppe,Южная лесостепь,2010,12,2010-03-22,2010-03-28,9.9,-5.3
south_foreststeppe,Южная лесостепь,2010,13,2010-03-29,2010-04-04,0.0,-1.9
south_foreststeppe,Южная лесостепь,2010,14,2010-04-05,2010-04-11,0.0,-2.3
south_foreststeppe,Южная лесостепь,2010,15,2010-04-12,2010-04-18,2.0,3.1
south_foreststeppe,Южная лесостепь,2010,16,2010-04-19,2010-04-25,0.0,11.3
south_foreststeppe,Южная лесостепь,2010,17,2010-04-26,2010-05-02,9.0,11.8
south_foreststeppe,Южная лесостепь,2010,18,2010-05-03,2010-05-09,2.8,12.2
south_foreststeppe,Южная лесостепь,2010,19,2010-05-10,2010-05-16,4.3,10.9
south_foreststeppe,Южная лесостепь,2010,20,2010-05-17,2010-05-23,2.0,7.0
south_foreststeppe,Южная лесостепь,2010,21,2010-05-24,2010-05-30,18.8,15.5
south_foreststeppe,Южная лесостепь,2010,22,2010-05-31,2010-06-06,10.1,16.1
south_foreststeppe,Южная лесостепь,2010,23,2010-06-07,2010-06-13,11.9,17.7
south_foreststeppe,Южная лесостепь,2010,24,2010-06-14,2010-06-20,5.0,22.6
south_foreststeppe,Южная лесостепь,2010,25,2010-06-21,2010-06-27,9.3,16.4
south_foreststeppe,Южная лесостепь,2010,26,2010-06-28,2010-07-04,4.6,19.4
south_foreststeppe,Южная лесостепь,2010,27,2010-07-05,2010-07-11,12.3,15.4
south_foreststeppe,Южная лесостепь,2010,28,2010-07-12,2010-07-18,1.2,23.0
south_foreststeppe,Южная лесостепь,2010,29,2010-07-19,2010-07-25,0.5,18.9
south_foreststeppe,Южная лесостепь,2010,30,2010-07-26,2010-08-01,10.9,16.7
south_foreststeppe,Южная лесостепь,2010,31,2010-08-02,2010-08-08,1.0,23.4
south_foreststeppe,Южная лесостепь,2010,32,2010-08-09,2010-08-15,10.9,17.0
south_foreststeppe,Южная лесостепь,2010,33,2010-08-16,2010-08-22,15.0,19.4
south_foreststeppe,Южная лесостепь,2010,34,2010-08-23,2010-08-29,12.8,17.6
south_foreststeppe,Южная лесостепь,2010,35,2010-08-30,2010-09-05,0.0,17.8
south_foreststeppe,Южная лесостепь,2010,36,2010-09-06,2010-09-12,4.3,10.6
south_foreststeppe,Южная лесостепь,2010,37,2010-09-13,2010-09-19,6.6,8.8
south_foreststeppe,Южная лесостепь,2010,38,2010-09-20,2010-09-26,0.0,13.8
south_foreststeppe,Южная лесостепь,2010,39,2010-09-27,2010-10-03,10.0,10.3
south_foreststeppe,Южная лесостепь,2010,40,2010-10-04,2010-10-10,0.0,5.4
south_foreststeppe,Южная лесостепь,2010,41,2010-10-11,2010-10-17,6.7,6.8
south_foreststeppe,Южная лесостепь,2010,42,2010-10-18,2010-10-24,0.0,1.8
south_foreststeppe,Южная лесостепь,2010,43,2010-10-25,2010-10-31,0.0,1.7
south_foreststeppe,Южная лесостепь,2011,9,2011-03-01,2011-03-06,0.0,-15.6
south_foreststeppe,Южная лесостепь,2011,10,2011-03-07,2011-03-13,1.2,-6.7
south_foreststeppe,Южная лесостепь,2011,11,2011-03-14,2011-03-20,13.8,-7.2
south_foreststeppe,Южная лесостепь,2011,12,2011-03-21,2011-03-27,3.0,-3.8
south_foreststeppe,Южная лесостепь,2011,13,2011-03-28,2011-04-03,2.9,-3.8
south_foreststeppe,Южная лесостепь,2011,14,2011-04-04,2011-04-10,6.1,1.5
south_foreststeppe,Южная лесостепь,2011,15,2011-04-11,2011-04-17,8.3,9.0
south_foreststeppe,Южная лесостепь,2011,16,2011-04-18,2011-04-24,21.4,10.0
south_foreststeppe,Южная лесостепь,2011,17,2011-04-25,2011-05-01,5.4,8.7
south_foreststeppe,Южная лесостепь,2011,18,2011-05-02,2011-05-08,1.2,8.6
south_foreststeppe,Южная лесостепь,2011,19,2011-05-09,2011-05-15,11.2,11.4
south_foreststeppe,Южная лесостепь,2011,20,2011-05-16,2011-05-22,3.3,12.3
south_foreststeppe,Южная лесостепь,2011,21,2011-05-23,2011-05-29,29.8,12.1
south_foreststeppe,Южная лесостепь,2011,22,2011-05-30,2011-06-05,9.6,18.7
south_foreststeppe,Южная лесостепь,2011,23,2011-06-06,2011-06-12,11.5,21.8
south_foreststeppe,Южная лесостепь,2011,24,2011-06-13,2011-06-19,7.2,18.6
south_foreststeppe,Южная лесостепь,2011,25,2011-06-20,2011-06-26,10.3,18.3
south_foreststeppe,Южная лесостепь,2011,26,2011-06-27,2011-07-03,0.8,19.6
south_foreststeppe,Южная лесостепь,2011,27,2011-07-04,2011-07-10,14.2,19.2
south_foreststeppe,Южная лесостепь,2011,28,2011-07-11,2011-07-17,15.3,16.8
south_foreststeppe,Южная лесостепь,2011,29,2011-07-18,2011-07-24,7.2,19.0
south_foreststeppe,Южная лесостепь,2011,30,2011-07-25,2011-07-31,9.1,20.1
south_foreststeppe,Южная лесостепь,2011,31,2011-08-01,2011-08-07,24.6,15.4
south_foreststeppe,Южная лесостепь,2011,32,2011-08-08,2011-08-14,2.1,20.6
south_foreststeppe,Южная лесостепь,2011,33,2011-08-15,2011-08-21,9.5,16.7
south_foreststeppe,Южная лесостепь,2011,34,2011-08-22,2011-08-28,21.4,11.6
south_foreststeppe,Южная лесостепь,2011,35,2011-08-29,2011-09-04,4.8,15.8
south_foreststeppe,Южная лесостепь,2011,36,2011-09-05,2011-09-11,1.4,14.3
south_foreststeppe,Южная лесостепь,2011,37,2011-09-12,2011-09-18,0.0,14.1
south_foreststeppe,Южная лесостепь,2011,38,2011-09-19,2011-09-25,2.8,13.0
south_foreststeppe,Южная лесостепь,2011,39,2011-09-26,2011-10-02,1.5,12.1
south_foreststeppe,Южная лесостепь,2011,40,2011-10-03,2011-10-09,23.6,9.9
south_foreststeppe,Южная лесостепь,2011,41,2011-10-10,2011-10-16,0.0,10.3
south_foreststeppe,Южная лесостепь,2011,42,2011-10-17,2011-10-23,0.9,4.6
south_foreststeppe,Южная лесостепь,2011,43,2011-10-24,2011-10-30,10.0,-0.5
south_foreststeppe,Южная лесостепь,2011,44,2011-10-31,2011-10-31,4.2,-4.2
south_foreststeppe,Южная лесостепь,2012,9,2012-03-01,2012-03-04,0.0,-11.0
south_foreststeppe,Южная лесостепь,2012,10,2012-03-05,2012-03-11,0.0,-6.3
south_foreststeppe,Южная лесостепь,2012,11,2012-03-12,2012-03-18,4.2,-6.7
south_foreststeppe,Южная лесостепь,2012,12,2012-03-19,2012-03-25,7.5,-1.6
south_foreststeppe,Южная лесостепь,2012,13,2012-03-26,2012-04-01,5.7,-1.9
south_foreststeppe,Южная лесостепь,2012,14,2012-04-02,2012-04-08,5.1,4.8
south_foreststeppe,Южная лесостепь,2012,15,2012-04-09,2012-04-15,0.0,9.5
south_foreststeppe,Южная лесостепь,2012,16,2012-04-16,2012-04-22,0.0,10.6
south_foreststeppe,Южная лесостепь,2012,17,2012-04-23,2012-04-29,8.1,9.5
south_foreststeppe,Южная лесостепь,2012,18,2012-04-30,2012-05-06,24.0,6.8
south_foreststeppe,Южная лесостепь,2012,19,2012-05-07,2012-05-13,10.1,9.8
south_foreststeppe,Южная лесостепь,2012,20,2012-05-14,2012-05-20,7.1,12.6
south_foreststeppe,Южная лесостепь,2012,21,2012-05-21,2012-05-27,2.6,14.0
south_foreststeppe,Южная лесостепь,2012,22,2012-05-28,2012-06-03,0.0,22.7
south_foreststeppe,Южная лесостепь,2012,23,2012-06-04,2012-06-10,20.1,20.0
south_foreststeppe,Южная лесостепь,2012,24,2012-06-11,2012-06-17,14.5,19.8
south_foreststeppe,Южная лесостепь,2012,25,2012-06-18,2012-06-24,5.2,22.7
south_foreststeppe,Южная лесостепь,2012,26,2012-06-25,2012-07-01,24.3,21.9
south_foreststeppe,Южная лесостепь,2012,27,2012-07-02,2012-07-08,3.5,21.9
south_foreststeppe,Южная лесостепь,2012,28,2012-07-09,2012-07-15,0.0,22.1
south_foreststeppe,Южная лесостепь,2012,29,2012-07-16,2012-07-22,1.0,28.4
south_foreststeppe,Южная лесостепь,2012,30,2012-07-23,2012-07-29,12.1,23.8
south_foreststeppe,Южная лесостепь,2012,31,2012-07-30,2012-08-05,12.3,21.6
south_foreststeppe,Южная лесостепь,2012,32,2012-08-06,2012-08-12,1.7,22.2
south_foreststeppe,Южная лесостепь,2012,33,2012-08-13,2012-08-19,0.7,18.5
south_foreststeppe,Южная лесостепь,2012,34,2012-08-20,2012-08-26,18.5,15.9
south_foreststeppe,Южная лесостепь,2012,35,2012-08-27,2012-09-02,4.5,16.9
south_foreststeppe,Южная лесостепь,2012,36,2012-09-03,2012-09-09,7.3,13.6
south_foreststeppe,Южная лесостепь,2012,37,2012-09-10,2012-09-16,13.9,14.1
south_foreststeppe,Южная лесостепь,2012,38,2012-09-17,2012-09-23,7.7,10.9
south_foreststeppe,Южная лесостепь,2012,39,2012-09-24,2012-09-30,0.0,9.9
south_foreststeppe,Южная лесостепь,2012,40,2012-10-01,2012-10-07,6.4,7.4
south_foreststeppe,Южная лесостепь,2012,41,2012-10-08,2012-10-14,0.0,7.6
south_foreststeppe,Южная лесостепь,2012,42,2012-10-15,2012-10-21,18.2,5.4
south_foreststeppe,Южная лесостепь,2012,43,2012-10-22,2012-10-28,5.7,-0.9
south_foreststeppe,Южная лесостепь,2012,44,2012-10-29,2012-10-31,0.6,2.4
south_foreststeppe,Южная лесостепь,2013,9,2013-03-01,2013-03-03,2.1,-10.0
south_foreststeppe,Южная лесостепь,2013,10,2013-03-04,2013-03-10,6.8,-11.9
south_foreststeppe,Южная лесостепь,2013,11,2013-03-11,2013-03-17,10.3,-7.0
south_foreststeppe,Южная лесостепь,2013,12,2013-03-18,2013-03-24,1.2,-6.3
south_foreststeppe,Южная лесостепь,2013,13,2013-03-25,2013-03-31,13.1,-3.5
south_foreststeppe,Южная лесостепь,2013,14,2013-04-01,2013-04-07,1.2,-0.7
south_foreststeppe,Южная лесостепь,2013,15,2013-04-08,2013-04-14,1.2,3.9
south_foreststeppe,Южная лесостепь,2013,16,2013-04-15,2013-04-21,3.1,4.0
south_foreststeppe,Южная лесостепь,2013,17,2013-04-22,2013-04-28,19.9,10.8
south_foreststeppe,Южная лесостепь,2013,18,2013-04-29,2013-05-05,27.8,7.6
south_foreststeppe,Южная лесостепь,2013,19,2013-05-06,2013-05-12,13.0,9.7
south_foreststeppe,Южная лесостепь,2013,20,2013-05-13,2013-05-19,21.5,8.2
south_foreststeppe,Южная лесостепь,2013,21,2013-05-20,2013-05-26,16.8,10.3
south_foreststeppe,Южная лесостепь,2013,22,2013-05-27,2013-06-02,0.9,12.0
south_foreststeppe,Южная лесостепь,2013,23,2013-06-03,2013-06-09,6.3,14.6
south_foreststeppe,Южная лесостепь,2013,24,2013-06-10,2013-06-16,17.2,15.9
south_foreststeppe,Южная лесостепь,2013,25,2013-06-17,2013-06-23,1.2,19.8
south_foreststeppe,Южная лесостепь,2013,26,2013-06-24,2013-06-30,0.0,18.4
south_foreststeppe,Южная лесостепь,2013,27,2013-07-01,2013-07-07,21.3,16.7
south_foreststeppe,Южная лесостепь,2013,28,2013-07-08,2013-07-14,5.3,20.1
south_foreststeppe,Южная лесостепь,2013,29,2013-07-15,2013-07-21,62.8,17.6
south_foreststeppe,Южная лесостепь,2013,30,2013-07-22,2013-07-28,31.6,21.2
south_foreststeppe,Южная лесостепь,2013,31,2013-07-29,2013-08-04,21.7,20.6
south_foreststeppe,Южная лесостепь,2013,32,2013-08-05,2013-08-11,29.9,19.1
south_foreststeppe,Южная лесостепь,2013,33,2013-08-12,2013-08-18,0.4,17.7
south_foreststeppe,Южная лесостепь,2013,34,2013-08-19,2013-08-25,3.5,16.4
south_foreststeppe,Южная лесостепь,2013,35,2013-08-26,2013-09-01,21.9,14.6
south_foreststeppe,Южная лесостепь,2013,36,2013-09-02,2013-09-08,0.3,16.2
south_foreststeppe,Южная лесостепь,2013,37,2013-09-09,2013-09-15,10.4,11.0
south_foreststeppe,Южная лесостепь,2013,38,2013-09-16,2013-09-22,5.6,5.8
south_foreststeppe,Южная лесостепь,2013,39,2013-09-23,2013-09-29,3.9,10.1
south_foreststeppe,Южная лесостепь,2013,40,2013-09-30,2013-10-06,7.9,4.5
south_foreststeppe,Южная лесостепь,2013,41,2013-10-07,2013-10-13,3.3,2.1
south_foreststeppe,Южная лесостепь,2013,42,2013-10-14,2013-10-20,2.7,2.8
south_foreststeppe,Южная лесостепь,2013,43,2013-10-21,2013-10-27,10.1,-0.4
south_foreststeppe,Южная лесостепь,2013,44,2013-10-28,2013-10-31,1.8,6.4
south_foreststeppe,Южная лесостепь,2014,9,2014-03-01,2014-03-02,0.0,-5.3
south_foreststeppe,Южная лесостепь,2014,10,2014-03-03,2014-03-09,0.0,-9.5
south_foreststeppe,Южная лесостепь,2014,11,2014-03-10,2014-03-16,3.1,-1.7
south_foreststeppe,Южная лесостепь,2014,12,2014-03-17,2014-03-23,7.1,-0.2
south_foreststeppe,Южная лесостепь,2014,13,2014-03-24,2014-03-30,2.9,0.1
south_foreststeppe,Южная лесостепь,2014,14,2014-03-31,2014-04-06,6.3,2.6
south_foreststeppe,Южная лесостепь,2014,15,2014-04-07,2014-04-13,12.3,1.5
south_foreststeppe,Южная лесостепь,2014,16,2014-04-14,2014-04-20,0.0,7.7
south_foreststeppe,Южная лесостепь,2014,17,2014-04-21,2014-04-27,6.7,4.7
south_foreststeppe,Южная лесостепь,2014,18,2014-04-28,2014-05-04,2.5,11.1
south_foreststeppe,Южная лесостепь,2014,19,2014-05-05,2014-05-11,1.8,10.1
south_foreststeppe,Южная лесостепь,2014,20,2014-05-12,2014-05-18,2.7,16.8
south_foreststeppe,Южная лесостепь,2014,21,2014-05-19,2014-05-25,2.5,11.7
south_foreststeppe,Южная лесостепь,2014,22,2014-05-26,2014-06-01,11.3,8.8
south_foreststeppe,Южная лесостепь,2014,23,2014-06-02,2014-06-08,1.2,12.9
south_foreststeppe,Южная лесостепь,2014,24,2014-06-09,2014-06-15,2.1,17.9
south_foreststeppe,Южная лесостепь,2014,25,2014-06-16,2014-06-22,13.0,21.3
south_foreststeppe,Южная лесостепь,2014,26,2014-06-23,2014-06-29,6.2,22.6
south_foreststeppe,Южная лесостепь,2014,27,2014-06-30,2014-07-06,29.1,19.3
south_foreststeppe,Южная лесостепь,2014,28,2014-07-07,2014-07-13,24.8,19.8
south_foreststeppe,Южная лесостепь,2014,29,2014-07-14,2014-07-20,14.4,14.3
south_foreststeppe,Южная лесостепь,2014,30,2014-07-21,2014-07-27,14.5,15.5
south_foreststeppe,Южная лесостепь,2014,31,2014-07-28,2014-08-03,1.9,16.9
south_foreststeppe,Южная лесостепь,2014,32,2014-08-04,2014-08-10,14.3,19.8
south_foreststeppe,Южная лесостепь,2014,33,2014-08-11,2014-08-17,35.8,18.7
south_foreststeppe,Южная лесостепь,2014,34,2014-08-18,2014-08-24,1.3,22.4
south_foreststeppe,Южная лесостепь,2014,35,2014-08-25,2014-08-31,3.0,16.8
south_foreststeppe,Южная лесостепь,2014,36,2014-09-01,2014-09-07,2.9,13.4
south_foreststeppe,Южная лесостепь,2014,37,2014-09-08,2014-09-14,11.4,9.7
south_foreststeppe,Южная лесостепь,2014,38,2014-09-15,2014-09-21,13.9,7.3
south_foreststeppe,Южная лесостепь,2014,39,2014-09-22,2014-09-28,0.0,8.4
south_foreststeppe,Южная лесостепь,2014,40,2014-09-29,2014-10-05,5.5,5.8
south_foreststeppe,Южная лесостепь,2014,41,2014-10-06,2014-10-12,9.1,2.0
south_foreststeppe,Южная лесостепь,2014,42,2014-10-13,2014-10-19,12.2,-0.4
south_foreststeppe,Южная лесостепь,2014,43,2014-10-20,2014-10-26,26.3,-3.8
south_foreststeppe,Южная лесостепь,2014,44,2014-10-27,2014-10-31,3.0,-3.0
south_foreststeppe,Южная лесостепь,2015,9,2015-03-01,2015-03-01,0.0,-3.6
south_foreststeppe,Южная лесостепь,2015,10,2015-03-02,2015-03-08,0.0,-11.8
south_foreststeppe,Южная лесостепь,2015,11,2015-03-09,2015-03-15,12.2,-4.4
south_foreststeppe,Южная лесостепь,2015,12,2015-03-16,2015-03-22,1.2,-2.0
south_foreststeppe,Южная лесостепь,2015,13,2015-03-23,2015-03-29,3.0,-5.7
south_foreststeppe,Южная лесостепь,2015,14,2015-03-30,2015-04-05,0.0,-3.5
south_foreststeppe,Южная лесостепь,2015,15,2015-04-06,2015-04-12,15.2,2.5
south_foreststeppe,Южная лесостепь,2015,16,2015-04-13,2015-04-19,8.4,5.5
south_foreststeppe,Южная лесостепь,2015,17,2015-04-20,2015-04-26,16.5,9.2
south_foreststeppe,Южная лесостепь,2015,18,2015-04-27,2015-05-03,6.5,8.8
south_foreststeppe,Южная лесостепь,2015,19,2015-05-04,2015-05-10,12.3,13.9
south_foreststeppe,Южная лесостепь,2015,20,2015-05-11,2015-05-17,10.6,13.4
south_foreststeppe,Южная лесостепь,2015,21,2015-05-18,2015-05-24,9.7,12.1
south_foreststeppe,Южная лесостепь,2015,22,2015-05-25,2015-05-31,4.1,14.1
south_foreststeppe,Южная лесостепь,2015,23,2015-06-01,2015-06-07,15.3,22.0
south_foreststeppe,Южная лесостепь,2015,24,2015-06-08,2015-06-14,34.5,16.1
south_foreststeppe,Южная лесостепь,2015,25,2015-06-15,2015-06-21,18.3,20.5
south_foreststeppe,Южная лесостепь,2015,26,2015-06-22,2015-06-28,0.0,20.2
south_foreststeppe,Южная лесостепь,2015,27,2015-06-29,2015-07-05,24.5,20.3
south_foreststeppe,Южная лесостепь,2015,28,2015-07-06,2015-07-12,22.1,14.9
south_foreststeppe,Южная лесостепь,2015,29,2015-07-13,2015-07-19,0.6,21.8
south_foreststeppe,Южная лесостепь,2015,30,2015-07-20,2015-07-26,13.3,19.3
south_foreststeppe,Южная лесостепь,2015,31,2015-07-27,2015-08-02,19.4,18.8
south_foreststeppe,Южная лесостепь,2015,32,2015-08-03,2015-08-09,7.3,16.3
south_foreststeppe,Южная лесостепь,2015,33,2015-08-10,2015-08-16,29.8,15.6
south_foreststeppe,Южная лесостепь,2015,34,2015-08-17,2015-08-23,15.9,16.9
south_foreststeppe,Южная лесостепь,2015,35,2015-08-24,2015-08-30,24.2,11.1
south_foreststeppe,Южная лесостепь,2015,36,2015-08-31,2015-09-06,1.7,13.9
south_foreststeppe,Южная лесостепь,2015,37,2015-09-07,2015-09-13,20.8,14.9
south_foreststeppe,Южная лесостепь,2015,38,2015-09-14,2015-09-20,3.1,8.0
south_foreststeppe,Южная лесостепь,2015,39,2015-09-21,2015-09-27,1.1,5.6
south_foreststeppe,Южная лесостепь,2015,40,2015-09-28,2015-10-04,15.3,9.4
south_foreststeppe,Южная лесостепь,2015,41,2015-10-05,2015-10-11,2.4,6.0
south_foreststeppe,Южная лесостепь,2015,42,2015-10-12,2015-10-18,14.7,-0.8
south_foreststeppe,Южная лесостепь,2015,43,2015-10-19,2015-10-25,45.4,-2.6
south_foreststeppe,Южная лесостепь,2015,44,2015-10-26,2015-10-31,13.9,-0.8
south_foreststeppe,Южная лесостепь,2016,9,2016-03-01,2016-03-06,7.4,-6.0
south_foreststeppe,Южная лесостепь,2016,10,2016-03-07,2016-03-13,4.2,-7.5
south_foreststeppe,Южная лесостепь,2016,11,2016-03-14,2016-03-20,7.3,-4.6
south_foreststeppe,Южная лесостепь,2016,12,2016-03-21,2016-03-27,8.6,-0.4
south_foreststeppe,Южная лесостепь,2016,13,2016-03-28,2016-04-03,3.7,1.2
south_foreststeppe,Южная лесостепь,2016,14,2016-04-04,2016-04-10,7.4,3.2
south_foreststeppe,Южная лесостепь,2016,15,2016-04-11,2016-04-17,6.3,7.7
south_foreststeppe,Южная лесостепь,2016,16,2016-04-18,2016-04-24,9.2,13.9
south_foreststeppe,Южная лесостепь,2016,17,2016-04-25,2016-05-01,7.5,8.1
south_foreststeppe,Южная лесостепь,2016,18,2016-05-02,2016-05-08,1.4,7.7
south_foreststeppe,Южная лесостепь,2016,19,2016-05-09,2016-05-15,11.6,8.8
south_foreststeppe,Южная лесостепь,2016,20,2016-05-16,2016-05-22,0.0,14.2
south_foreststeppe,Южная лесостепь,2016,21,2016-05-23,2016-05-29,2.3,18.8
south_foreststeppe,Южная лесостепь,2016,22,2016-05-30,2016-06-05,4.8,12.6
south_foreststeppe,Южная лесостепь,2016,23,2016-06-06,2016-06-12,6.7,21.8
south_foreststeppe,Южная лесостепь,2016,24,2016-06-13,2016-06-19,12.8,17.7
south_foreststeppe,Южная лесостепь,2016,25,2016-06-20,2016-06-26,12.0,20.6
south_foreststeppe,Южная лесостепь,2016,26,2016-06-27,2016-07-03,49.0,17.0
south_foreststeppe,Южная лесостепь,2016,27,2016-07-04,2016-07-10,18.9,20.4
south_foreststeppe,Южная лесостепь,2016,28,2016-07-11,2016-07-17,21.0,21.5
south_foreststeppe,Южная лесостепь,2016,29,2016-07-18,2016-07-24,36.1,20.6
south_foreststeppe,Южная лесостепь,2016,30,2016-07-25,2016-07-31,14.4,18.2
south_foreststeppe,Южная лесостепь,2016,31,2016-08-01,2016-08-07,4.8,19.6
south_foreststeppe,Южная лесостепь,2016,32,2016-08-08,2016-08-14,0.7,21.4
south_foreststeppe,Южная лесостепь,2016,33,2016-08-15,2016-08-21,7.7,20.7
south_foreststeppe,Южная лесостепь,2016,34,2016-08-22,2016-08-28,10.9,20.2
south_foreststeppe,Южная лесостепь,2016,35,2016-08-29,2016-09-04,1.7,16.6
south_foreststeppe,Южная лесостепь,2016,36,2016-09-05,2016-09-11,13.4,17.0
south_foreststeppe,Южная лесостепь,2016,37,2016-09-12,2016-09-18,10.3,14.0
south_foreststeppe,Южная лесостепь,2016,38,2016-09-19,2016-09-25,0.6,11.6
south_foreststeppe,Южная лесостепь,2016,39,2016-09-26,2016-10-02,0.2,7.9
south_foreststeppe,Южная лесостепь,2016,40,2016-10-03,2016-10-09,23.5,2.0
south_foreststeppe,Южная лесостепь,2016,41,2016-10-10,2016-10-16,7.2,-1.6
south_foreststeppe,Южная лесостепь,2016,42,2016-10-17,2016-10-23,0.4,-4.3
south_foreststeppe,Южная лесостепь,2016,43,2016-10-24,2016-10-30,3.3,-3.0
south_foreststeppe,Южная лесостепь,2016,44,2016-10-31,2016-10-31,0.0,-3.3
south_foreststeppe,Южная лесостепь,2017,9,2017-03-01,2017-03-05,0.1,-6.4
south_foreststeppe,Южная лесостепь,2017,10,2017-03-06,2017-03-12,1.7,-9.0
south_foreststeppe,Южная лесостепь,2017,11,2017-03-13,2017-03-19,0.1,-9.9
south_foreststeppe,Южная лесостепь,2017,12,2017-03-20,2017-03-26,0.0,-5.5
south_foreststeppe,Южная лесостепь,2017,13,2017-03-27,2017-04-02,13.4,-0.9
south_foreststeppe,Южная лесостепь,2017,14,2017-04-03,2017-04-09,3.7,-1.3
south_foreststeppe,Южная лесостепь,2017,15,2017-04-10,2017-04-16,11.8,5.1
south_foreststeppe,Южная лесостепь,2017,16,2017-04-17,2017-04-23,8.7,7.6
south_foreststeppe,Южная лесостепь,2017,17,2017-04-24,2017-04-30,2.5,10.2
south_foreststeppe,Южная лесостепь,2017,18,2017-05-01,2017-05-07,10.0,10.1
south_foreststeppe,Южная лесостепь,2017,19,2017-05-08,2017-05-14,1.9,12.8
south_foreststeppe,Южная лесостепь,2017,20,2017-05-15,2017-05-21,13.9,11.1
south_foreststeppe,Южная лесостепь,2017,21,2017-05-22,2017-05-28,6.1,16.2
south_foreststeppe,Южная лесостепь,2017,22,2017-05-29,2017-06-04,13.1,15.8
south_foreststeppe,Южная лесостепь,2017,23,2017-06-05,2017-06-11,24.0,15.3
south_foreststeppe,Южная лесостепь,2017,24,2017-06-12,2017-06-18,2.8,22.8
south_foreststeppe,Южная лесостепь,2017,25,2017-06-19,2017-06-25,2.2,21.1
south_foreststeppe,Южная лесостепь,2017,26,2017-06-26,2017-07-02,4.3,21.0
south_foreststeppe,Южная лесостепь,2017,27,2017-07-03,2017-07-09,23.6,17.9
south_foreststeppe,Южная лесостепь,2017,28,2017-07-10,2017-07-16,25.3,16.8
south_foreststeppe,Южная лесостепь,2017,29,2017-07-17,2017-07-23,12.7,19.3
south_foreststeppe,Южная лесостепь,2017,30,2017-07-24,2017-07-30,42.7,20.4
south_foreststeppe,Южная лесостепь,2017,31,2017-07-31,2017-08-06,4.8,21.7
south_foreststeppe,Южная лесостепь,2017,32,2017-08-07,2017-08-13,9.9,15.1
south_foreststeppe,Южная лесостепь,2017,33,2017-08-14,2017-08-20,11.7,16.0
south_foreststeppe,Южная лесостепь,2017,34,2017-08-21,2017-08-27,0.8,21.1
south_foreststeppe,Южная лесостепь,2017,35,2017-08-28,2017-09-03,4.8,18.6
south_foreststeppe,Южная лесостепь,2017,36,2017-09-04,2017-09-10,17.1,12.3
south_foreststeppe,Южная лесостепь,2017,37,2017-09-11,2017-09-17,20.7,11.6
south_foreststeppe,Южная лесостепь,2017,38,2017-09-18,2017-09-24,6.2,8.1
south_foreststeppe,Южная лесостепь,2017,39,2017-09-25,2017-10-01,4.3,3.0
south_foreststeppe,Южная лесостепь,2017,40,2017-10-02,2017-10-08,7.2,0.0
south_foreststeppe,Южная лесостепь,2017,41,2017-10-09,2017-10-15,9.1,4.2
south_foreststeppe,Южная лесостепь,2017,42,2017-10-16,2017-10-22,8.8,3.7
south_foreststeppe,Южная лесостепь,2017,43,2017-10-23,2017-10-29,22.5,-1.5
south_foreststeppe,Южная лесостепь,2017,44,2017-10-30,2017-10-31,0.0,-1.8
south_foreststeppe,Южная лесостепь,2018,9,2018-03-01,2018-03-04,0.7,-15.0
south_foreststeppe,Южная лесостепь,2018,10,2018-03-05,2018-03-11,2.3,-11.9
south_foreststeppe,Южная лесостепь,2018,11,2018-03-12,2018-03-18,0.9,-10.9
south_foreststeppe,Южная лесостепь,2018,12,2018-03-19,2018-03-25,14.9,-4.5
south_foreststeppe,Южная лесостепь,2018,13,2018-03-26,2018-04-01,1.9,-4.7
south_foreststeppe,Южная лесостепь,2018,14,2018-04-02,2018-04-08,3.1,-1.3
south_foreststeppe,Южная лесостепь,2018,15,2018-04-09,2018-04-15,12.3,0.4
south_foreststeppe,Южная лесостепь,2018,16,2018-04-16,2018-04-22,3.3,2.1
south_foreststeppe,Южная лесостепь,2018,17,2018-04-23,2018-04-29,10.8,7.0
south_foreststeppe,Южная лесостепь,2018,18,2018-04-30,2018-05-06,12.5,5.5
south_foreststeppe,Южная лесостепь,2018,19,2018-05-07,2018-05-13,22.2,6.8
south_foreststeppe,Южная лесостепь,2018,20,2018-05-14,2018-05-20,3.4,5.6
south_foreststeppe,Южная лесостепь,2018,21,2018-05-21,2018-05-27,27.6,9.6
south_foreststeppe,Южная лесостепь,2018,22,2018-05-28,2018-06-03,4.7,11.0
south_foreststeppe,Южная лесостепь,2018,23,2018-06-04,2018-06-10,6.5,17.2
south_foreststeppe,Южная лесостепь,2018,24,2018-06-11,2018-06-17,8.5,17.0
south_foreststeppe,Южная лесостепь,2018,25,2018-06-18,2018-06-24,4.1,17.0
south_foreststeppe,Южная лесостепь,2018,26,2018-06-25,2018-07-01,53.1,19.1
south_foreststeppe,Южная лесостепь,2018,27,2018-07-02,2018-07-08,1.6,20.5
south_foreststeppe,Южная лесостепь,2018,28,2018-07-09,2018-07-15,3.9,22.6
south_foreststeppe,Южная лесостепь,2018,29,2018-07-16,2018-07-22,1.8,20.3
south_foreststeppe,Южная лесостепь,2018,30,2018-07-23,2018-07-29,37.7,17.6
south_foreststeppe,Южная лесостепь,2018,31,2018-07-30,2018-08-05,8.6,15.4
south_foreststeppe,Южная лесостепь,2018,32,2018-08-06,2018-08-12,39.8,18.1
south_foreststeppe,Южная лесостепь,2018,33,2018-08-13,2018-08-19,1.4,17.9
south_foreststeppe,Южная лесостепь,2018,34,2018-08-20,2018-08-26,45.8,14.2
south_foreststeppe,Южная лесостепь,2018,35,2018-08-27,2018-09-02,13.5,11.8
south_foreststeppe,Южная лесостепь,2018,36,2018-09-03,2018-09-09,5.1,11.7
south_foreststeppe,Южная лесостепь,2018,37,2018-09-10,2018-09-16,3.4,11.2
south_foreststeppe,Южная лесостепь,2018,38,2018-09-17,2018-09-23,14.2,10.9
south_foreststeppe,Южная лесостепь,2018,39,2018-09-24,2018-09-30,1.4,12.8
south_foreststeppe,Южная лесостепь,2018,40,2018-10-01,2018-10-07,0.0,11.2
south_foreststeppe,Южная лесостепь,2018,41,2018-10-08,2018-10-14,1.9,6.6
south_foreststeppe,Южная лесостепь,2018,42,2018-10-15,2018-10-21,15.9,1.4
south_foreststeppe,Южная лесостепь,2018,43,2018-10-22,2018-10-28,18.3,3.4
south_foreststeppe,Южная лесостепь,2018,44,2018-10-29,2018-10-31,6.0,-1.7
south_foreststeppe,Южная лесостепь,2019,9,2019-03-01,2019-03-03,2.1,-8.9
south_foreststeppe,Южная лесостепь,2019,10,2019-03-04,2019-03-10,0.6,-5.1
south_foreststeppe,Южная лесостепь,2019,11,2019-03-11,2019-03-17,2.5,-1.8
south_foreststeppe,Южная лесостепь,2019,12,2019-03-18,2019-03-24,0.0,-5.1
south_foreststeppe,Южная лесостепь,2019,13,2019-03-25,2019-03-31,16.4,0.1
south_foreststeppe,Южная лесостепь,2019,14,2019-04-01,2019-04-07,10.0,1.3
south_foreststeppe,Южная лесостепь,2019,15,2019-04-08,2019-04-14,2.2,5.8
south_foreststeppe,Южная лесостепь,2019,16,2019-04-15,2019-04-21,3.5,0.0
south_foreststeppe,Южная лесостепь,2019,17,2019-04-22,2019-04-28,6.9,4.3
south_foreststeppe,Южная лесостепь,2019,18,2019-04-29,2019-05-05,3.7,7.5
south_foreststeppe,Южная лесостепь,2019,19,2019-05-06,2019-05-12,0.0,17.2
south_foreststeppe,Южная лесостепь,2019,20,2019-05-13,2019-05-19,14.2,7.4
south_foreststeppe,Южная лесостепь,2019,21,2019-05-20,2019-05-26,17.2,9.8
south_foreststeppe,Южная лесостепь,2019,22,2019-05-27,2019-06-02,24.4,16.0
south_foreststeppe,Южная лесостепь,2019,23,2019-06-03,2019-06-09,41.2,13.6
south_foreststeppe,Южная лесостепь,2019,24,2019-06-10,2019-06-16,11.2,15.0
south_foreststeppe,Южная лесостепь,2019,25,2019-06-17,2019-06-23,14.2,15.0
south_foreststeppe,Южная лесостепь,2019,26,2019-06-24,2019-06-30,14.4,16.7
south_foreststeppe,Южная лесостепь,2019,27,2019-07-01,2019-07-07,20.2,19.2
south_foreststeppe,Южная лесостепь,2019,28,2019-07-08,2019-07-14,1.5,21.2
south_foreststeppe,Южная лесостепь,2019,29,2019-07-15,2019-07-21,1.6,22.9
south_foreststeppe,Южная лесостепь,2019,30,2019-07-22,2019-07-28,18.0,20.0
south_foreststeppe,Южная лесостепь,2019,31,2019-07-29,2019-08-04,3.9,21.8
south_foreststeppe,Южная лесостепь,2019,32,2019-08-05,2019-08-11,5.2,19.1
south_foreststeppe,Южная лесостепь,2019,33,2019-08-12,2019-08-18,8.6,20.3
south_foreststeppe,Южная лесостепь,2019,34,2019-08-19,2019-08-25,3.7,17.3
south_foreststeppe,Южная лесостепь,2019,35,2019-08-26,2019-09-01,18.1,14.1
south_foreststeppe,Южная лесостепь,2019,36,2019-09-02,2019-09-08,11.5,11.4
south_foreststeppe,Южная лесостепь,2019,37,2019-09-09,2019-09-15,2.8,12.7
south_foreststeppe,Южная лесостепь,2019,38,2019-09-16,2019-09-22,2.5,15.9
south_foreststeppe,Южная лесостепь,2019,39,2019-09-23,2019-09-29,15.5,6.2
south_foreststeppe,Южная лесостепь,2019,40,2019-09-30,2019-10-06,0.1,9.0
south_foreststeppe,Южная лесостепь,2019,41,2019-10-07,2019-10-13,0.0,11.5
south_foreststeppe,Южная лесостепь,2019,42,2019-10-14,2019-10-20,7.5,2.8
south_foreststeppe,Южная лесостепь,2019,43,2019-10-21,2019-10-27,13.4,2.7
south_foreststeppe,Южная лесостепь,2019,44,2019-10-28,2019-10-31,7.1,3.9
south_foreststeppe,Южная лесостепь,2020,9,2020-03-01,2020-03-01,0.0,-0.2
south_foreststeppe,Южная лесостепь,2020,10,2020-03-02,2020-03-08,3.7,-5.4
south_foreststeppe,Южная лесостепь,2020,11,2020-03-09,2020-03-15,3.7,-1.0
south_foreststeppe,Южная лесостепь,2020,12,2020-03-16,2020-03-22,9.0,0.1
south_foreststeppe,Южная лесостепь,2020,13,2020-03-23,2020-03-29,2.4,-3.9
south_foreststeppe,Южная лесостепь,2020,14,2020-03-30,2020-04-05,0.5,3.3
south_foreststeppe,Южная лесостепь,2020,15,2020-04-06,2020-04-12,3.1,4.5
south_foreststeppe,Южная лесостепь,2020,16,2020-04-13,2020-04-19,6.5,9.9
south_foreststeppe,Южная лесостепь,2020,17,2020-04-20,2020-04-26,3.4,12.9
south_foreststeppe,Южная лесостепь,2020,18,2020-04-27,2020-05-03,34.7,12.3
south_foreststeppe,Южная лесостепь,2020,19,2020-05-04,2020-05-10,0.6,14.1
south_foreststeppe,Южная лесостепь,2020,20,2020-05-11,2020-05-17,4.2,20.8
south_foreststeppe,Южная лесостепь,2020,21,2020-05-18,2020-05-24,7.5,17.3
south_foreststeppe,Южная лесостепь,2020,22,2020-05-25,2020-05-31,0.8,18.6
south_foreststeppe,Южная лесостепь,2020,23,2020-06-01,2020-06-07,3.2,14.9
south_foreststeppe,Южная лесостепь,2020,24,2020-06-08,2020-06-14,0.7,20.8
south_foreststeppe,Южная лесостепь,2020,25,2020-06-15,2020-06-21,2.4,14.3
south_foreststeppe,Южная лесостепь,2020,26,2020-06-22,2020-06-28,77.8,14.7
south_foreststeppe,Южная лесостепь,2020,27,2020-06-29,2020-07-05,12.7,18.0
south_foreststeppe,Южная лесостепь,2020,28,2020-07-06,2020-07-12,3.7,22.0
south_foreststeppe,Южная лесостепь,2020,29,2020-07-13,2020-07-19,0.0,24.0
south_foreststeppe,Южная лесостепь,2020,30,2020-07-20,2020-07-26,3.8,19.6
south_foreststeppe,Южная лесостепь,2020,31,2020-07-27,2020-08-02,6.9,19.3
south_foreststeppe,Южная лесостепь,2020,32,2020-08-03,2020-08-09,0.2,24.3
south_foreststeppe,Южная лесостепь,2020,33,2020-08-10,2020-08-16,20.6,18.4
south_foreststeppe,Южная лесостепь,2020,34,2020-08-17,2020-08-23,20.2,15.3
south_foreststeppe,Южная лесостепь,2020,35,2020-08-24,2020-08-30,15.6,16.9
south_foreststeppe,Южная лесостепь,2020,36,2020-08-31,2020-09-06,10.1,15.2
south_foreststeppe,Южная лесостепь,2020,37,2020-09-07,2020-09-13,7.6,11.7
south_foreststeppe,Южная лесостепь,2020,38,2020-09-14,2020-09-20,7.0,13.7
south_foreststeppe,Южная лесостепь,2020,39,2020-09-21,2020-09-27,14.9,8.1
south_foreststeppe,Южная лесостепь,2020,40,2020-09-28,2020-10-04,1.0,8.7
south_foreststeppe,Южная лесостепь,2020,41,2020-10-05,2020-10-11,7.1,3.5
south_foreststeppe,Южная лесостепь,2020,42,2020-10-12,2020-10-18,0.2,8.7
south_foreststeppe,Южная лесостепь,2020,43,2020-10-19,2020-10-25,7.9,3.0
south_foreststeppe,Южная лесостепь,2020,44,2020-10-26,2020-10-31,11.4,1.2
south_foreststeppe,Южная лесостепь,2021,9,2021-03-01,2021-03-07,9.1,-9.3
south_foreststeppe,Южная лесостепь,2021,10,2021-03-08,2021-03-14,9.0,-11.5
south_foreststeppe,Южная лесостепь,2021,11,2021-03-15,2021-03-21,2.5,-7.4
south_foreststeppe,Южная лесостепь,2021,12,2021-03-22,2021-03-28,5.3,-2.9
south_foreststeppe,Южная лесостепь,2021,13,2021-03-29,2021-04-04,7.8,-3.5
south_foreststeppe,Южная лесостепь,2021,14,2021-04-05,2021-04-11,10.0,1.5
south_foreststeppe,Южная лесостепь,2021,15,2021-04-12,2021-04-18,0.8,6.1
south_foreststeppe,Южная лесостепь,2021,16,2021-04-19,2021-04-25,0.1,1.3
south_foreststeppe,Южная лесостепь,2021,17,2021-04-26,2021-05-02,7.9,9.7
south_foreststeppe,Южная лесостепь,2021,18,2021-05-03,2021-05-09,11.6,13.3
south_foreststeppe,Южная лесостепь,2021,19,2021-05-10,2021-05-16,0.0,15.6
south_foreststeppe,Южная лесостепь,2021,20,2021-05-17,2021-05-23,0.9,18.8
south_foreststeppe,Южная лесостепь,2021,21,2021-05-24,2021-05-30,0.3,20.6
south_foreststeppe,Южная лесостепь,2021,22,2021-05-31,2021-06-06,11.3,16.5
south_foreststeppe,Южная лесостепь,2021,23,2021-06-07,2021-06-13,1.5,16.2
south_foreststeppe,Южная лесостепь,2021,24,2021-06-14,2021-06-20,11.1,20.4
south_foreststeppe,Южная лесостепь,2021,25,2021-06-21,2021-06-27,17.7,14.3
south_foreststeppe,Южная лесостепь,2021,26,2021-06-28,2021-07-04,0.3,25.5
south_foreststeppe,Южная лесостепь,2021,27,2021-07-05,2021-07-11,15.6,20.8
south_foreststeppe,Южная лесостепь,2021,28,2021-07-12,2021-07-18,21.9,16.6
south_foreststeppe,Южная лесостепь,2021,29,2021-07-19,2021-07-25,0.1,23.1
south_foreststeppe,Южная лесостепь,2021,30,2021-07-26,2021-08-01,10.9,18.8
south_foreststeppe,Южная лесостепь,2021,31,2021-08-02,2021-08-08,37.8,20.7
south_foreststeppe,Южная лесостепь,2021,32,2021-08-09,2021-08-15,27.3,17.1
south_foreststeppe,Южная лесостепь,2021,33,2021-08-16,2021-08-22,0.5,20.6
south_foreststeppe,Южная лесостепь,2021,34,2021-08-23,2021-08-29,4.5,21.5
south_foreststeppe,Южная лесостепь,2021,35,2021-08-30,2021-09-05,1.0,14.8
south_foreststeppe,Южная лесостепь,2021,36,2021-09-06,2021-09-12,15.5,11.3
south_foreststeppe,Южная лесостепь,2021,37,2021-09-13,2021-09-19,12.4,11.2
south_foreststeppe,Южная лесостепь,2021,38,2021-09-20,2021-09-26,4.2,4.7
south_foreststeppe,Южная лесостепь,2021,39,2021-09-27,2021-10-03,4.1,4.1
south_foreststeppe,Южная лесостепь,2021,40,2021-10-04,2021-10-10,1.2,3.7
south_foreststeppe,Южная лесостепь,2021,41,2021-10-11,2021-10-17,3.7,3.9
south_foreststeppe,Южная лесостепь,2021,42,2021-10-18,2021-10-24,2.7,6.5
south_foreststeppe,Южная лесостепь,2021,43,2021-10-25,2021-10-31,16.8,1.5
south_foreststeppe,Южная лесостепь,2022,9,2022-03-01,2022-03-06,4.2,-5.1
south_foreststeppe,Южная лесостепь,2022,10,2022-03-07,2022-03-13,2.0,-15.2
south_foreststeppe,Южная лесостепь,2022,11,2022-03-14,2022-03-20,0.0,-12.9
south_foreststeppe,Южная лесостепь,2022,12,2022-03-21,2022-03-27,7.3,-6.0
south_foreststeppe,Южная лесостепь,2022,13,2022-03-28,2022-04-03,11.0,-0.0
south_foreststeppe,Южная лесостепь,2022,14,2022-04-04,2022-04-10,0.6,4.4
south_foreststeppe,Южная лесостепь,2022,15,2022-04-11,2022-04-17,0.1,9.1
south_foreststeppe,Южная лесостепь,2022,16,2022-04-18,2022-04-24,5.8,2.6
south_foreststeppe,Южная лесостепь,2022,17,2022-04-25,2022-05-01,2.1,12.1
south_foreststeppe,Южная лесостепь,2022,18,2022-05-02,2022-05-08,0.2,9.2
south_foreststeppe,Южная лесостепь,2022,19,2022-05-09,2022-05-15,0.9,15.6
south_foreststeppe,Южная лесостепь,2022,20,2022-05-16,2022-05-22,16.0,16.9
south_foreststeppe,Южная лесостепь,2022,21,2022-05-23,2022-05-29,0.1,19.6
south_foreststeppe,Южная лесостепь,2022,22,2022-05-30,2022-06-05,13.8,13.0
south_foreststeppe,Южная лесостепь,2022,23,2022-06-06,2022-06-12,1.8,19.5
south_foreststeppe,Южная лесостепь,2022,24,2022-06-13,2022-06-19,11.8,18.5
south_foreststeppe,Южная лесостепь,2022,25,2022-06-20,2022-06-26,17.9,21.5
south_foreststeppe,Южная лесостепь,2022,26,2022-06-27,2022-07-03,23.0,14.3
south_foreststeppe,Южная лесостепь,2022,27,2022-07-04,2022-07-10,25.8,19.0
south_foreststeppe,Южная лесостепь,2022,28,2022-07-11,2022-07-17,15.3,21.3
south_foreststeppe,Южная лесостепь,2022,29,2022-07-18,2022-07-24,8.8,18.6
south_foreststeppe,Южная лесостепь,2022,30,2022-07-25,2022-07-31,31.8,21.4
south_foreststeppe,Южная лесостепь,2022,31,2022-08-01,2022-08-07,3.5,19.5
south_foreststeppe,Южная лесостепь,2022,32,2022-08-08,2022-08-14,7.9,19.6
south_foreststeppe,Южная лесостепь,2022,33,2022-08-15,2022-08-21,5.9,12.9
south_foreststeppe,Южная лесостепь,2022,34,2022-08-22,2022-08-28,0.0,15.9
south_foreststeppe,Южная лесостепь,2022,35,2022-08-29,2022-09-04,0.7,19.9
south_foreststeppe,Южная лесостепь,2022,36,2022-09-05,2022-09-11,20.9,11.7
south_foreststeppe,Южная лесостепь,2022,37,2022-09-12,2022-09-18,0.3,10.4
south_foreststeppe,Южная лесостепь,2022,38,2022-09-19,2022-09-25,1.7,16.9
south_foreststeppe,Южная лесостепь,2022,39,2022-09-26,2022-10-02,26.2,0.9
south_foreststeppe,Южная лесостепь,2022,40,2022-10-03,2022-10-09,1.2,7.7
south_foreststeppe,Южная лесостепь,2022,41,2022-10-10,2022-10-16,2.9,8.2
south_foreststeppe,Южная лесостепь,2022,42,2022-10-17,2022-10-23,20.9,4.5
south_foreststeppe,Южная лесостепь,2022,43,2022-10-24,2022-10-30,2.5,-1.2
south_foreststeppe,Южная лесостепь,2022,44,2022-10-31,2022-10-31,0.0,-3.9
south_foreststeppe,Южная лесостепь,2023,9,2023-03-01,2023-03-05,2.0,-4.5
south_foreststeppe,Южная лесостепь,2023,10,2023-03-06,2023-03-12,11.4,-3.8
south_foreststeppe,Южная лесостепь,2023,11,2023-03-13,2023-03-19,9.0,-5.8
south_foreststeppe,Южная лесостепь,2023,12,2023-03-20,2023-03-26,1.2,-3.5
south_foreststeppe,Южная лесостепь,2023,13,2023-03-27,2023-04-02,0.1,-2.0
south_foreststeppe,Южная лесостепь,2023,14,2023-04-03,2023-04-09,0.0,0.9
south_foreststeppe,Южная лесостепь,2023,15,2023-04-10,2023-04-16,3.0,0.8
south_foreststeppe,Южная лесостепь,2023,16,2023-04-17,2023-04-23,0.8,1.5
south_foreststeppe,Южная лесостепь,2023,17,2023-04-24,2023-04-30,2.0,10.6
south_foreststeppe,Южная лесостепь,2023,18,2023-05-01,2023-05-07,0.0,11.1
south_foreststeppe,Южная лесостепь,2023,19,2023-05-08,2023-05-14,14.8,10.1
south_foreststeppe,Южная лесостепь,2023,20,2023-05-15,2023-05-21,0.0,11.9
south_foreststeppe,Южная лесостепь,2023,21,2023-05-22,2023-05-28,8.9,15.9
south_foreststeppe,Южная лесостепь,2023,22,2023-05-29,2023-06-04,7.8,21.2
south_foreststeppe,Южная лесостепь,2023,23,2023-06-05,2023-06-11,4.2,22.9
south_foreststeppe,Южная лесостепь,2023,24,2023-06-12,2023-06-18,7.2,17.4
south_foreststeppe,Южная лесостепь,2023,25,2023-06-19,2023-06-25,26.4,13.4
south_foreststeppe,Южная лесостепь,2023,26,2023-06-26,2023-07-02,15.9,16.7
south_foreststeppe,Южная лесостепь,2023,27,2023-07-03,2023-07-09,4.0,23.2
south_foreststeppe,Южная лесостепь,2023,28,2023-07-10,2023-07-16,9.9,24.5
south_foreststeppe,Южная лесостепь,2023,29,2023-07-17,2023-07-23,25.2,21.2
south_foreststeppe,Южная лесостепь,2023,30,2023-07-24,2023-07-30,7.9,20.7
south_foreststeppe,Южная лесостепь,2023,31,2023-07-31,2023-08-06,8.1,22.2
south_foreststeppe,Южная лесостепь,2023,32,2023-08-07,2023-08-13,4.5,16.8
south_foreststeppe,Южная лесостепь,2023,33,2023-08-14,2023-08-20,15.8,16.7
south_foreststeppe,Южная лесостепь,2023,34,2023-08-21,2023-08-27,19.8,15.5
south_foreststeppe,Южная лесостепь,2023,35,2023-08-28,2023-09-03,55.2,15.2
south_foreststeppe,Южная лесостепь,2023,36,2023-09-04,2023-09-10,10.8,12.2
south_foreststeppe,Южная лесостепь,2023,37,2023-09-11,2023-09-17,0.1,13.9
south_foreststeppe,Южная лесостепь,2023,38,2023-09-18,2023-09-24,10.5,12.3
south_foreststeppe,Южная лесостепь,2023,39,2023-09-25,2023-10-01,10.8,11.0
south_foreststeppe,Южная лесостепь,2023,40,2023-10-02,2023-10-08,0.0,10.7
south_foreststeppe,Южная лесостепь,2023,41,2023-10-09,2023-10-15,10.8,8.4
south_foreststeppe,Южная лесостепь,2023,42,2023-10-16,2023-10-22,19.5,6.5
south_foreststeppe,Южная лесостепь,2023,43,2023-10-23,2023-10-29,15.0,-0.4
south_foreststeppe,Южная лесостепь,2023,44,2023-10-30,2023-10-31,7.5,-3.4
south_foreststeppe,Южная лесостепь,2024,9,2024-03-01,2024-03-03,2.0,-6.7
south_foreststeppe,Южная лесостепь,2024,10,2024-03-04,2024-03-10,7.4,-7.2
south_foreststeppe,Южная лесостепь,2024,11,2024-03-11,2024-03-17,1.2,-8.6
south_foreststeppe,Южная лесостепь,2024,12,2024-03-18,2024-03-24,0.1,-3.7
south_foreststeppe,Южная лесостепь,2024,13,2024-03-25,2024-03-31,2.7,0.8
south_foreststeppe,Южная лесостепь,2024,14,2024-04-01,2024-04-07,3.8,1.1
south_foreststeppe,Южная лесостепь,2024,15,2024-04-08,2024-04-14,26.9,2.9
south_foreststeppe,Южная лесостепь,2024,16,2024-04-15,2024-04-21,11.0,9.4
south_foreststeppe,Южная лесостепь,2024,17,2024-04-22,2024-04-28,5.2,6.0
south_foreststeppe,Южная лесостепь,2024,18,2024-04-29,2024-05-05,9.8,6.0
south_foreststeppe,Южная лесостепь,2024,19,2024-05-06,2024-05-12,10.9,10.5
south_foreststeppe,Южная лесостепь,2024,20,2024-05-13,2024-05-19,6.2,12.6
south_foreststeppe,Южная лесостепь,2024,21,2024-05-20,2024-05-26,29.9,9.9
south_foreststeppe,Южная лесостепь,2024,22,2024-05-27,2024-06-02,11.7,8.8
south_foreststeppe,Южная лесостепь,2024,23,2024-06-03,2024-06-09,22.3,16.7
south_foreststeppe,Южная лесостепь,2024,24,2024-06-10,2024-06-16,20.6,20.6
south_foreststeppe,Южная лесостепь,2024,25,2024-06-17,2024-06-23,30.7,20.1
south_foreststeppe,Южная лесостепь,2024,26,2024-06-24,2024-06-30,7.7,22.8
south_foreststeppe,Южная лесостепь,2024,27,2024-07-01,2024-07-07,28.5,19.4
south_foreststeppe,Южная лесостепь,2024,28,2024-07-08,2024-07-14,1.9,22.0
south_foreststeppe,Южная лесостепь,2024,29,2024-07-15,2024-07-21,24.6,20.7
south_foreststeppe,Южная лесостепь,2024,30,2024-07-22,2024-07-28,25.9,18.8
south_foreststeppe,Южная лесостепь,2024,31,2024-07-29,2024-08-04,21.7,20.3
south_foreststeppe,Южная лесостепь,2024,32,2024-08-05,2024-08-11,15.2,16.9
south_foreststeppe,Южная лесостепь,2024,33,2024-08-12,2024-08-18,18.3,17.3
south_foreststeppe,Южная лесостепь,2024,34,2024-08-19,2024-08-25,36.6,15.6
south_foreststeppe,Южная лесостепь,2024,35,2024-08-26,2024-09-01,9.4,13.6
south_foreststeppe,Южная лесостепь,2024,36,2024-09-02,2024-09-08,24.0,11.5
south_foreststeppe,Южная лесостепь,2024,37,2024-09-09,2024-09-15,5.1,14.1
south_foreststeppe,Южная лесостепь,2024,38,2024-09-16,2024-09-22,0.0,10.8
south_foreststeppe,Южная лесостепь,2024,39,2024-09-23,2024-09-29,7.8,7.3
south_foreststeppe,Южная лесостепь,2024,40,2024-09-30,2024-10-06,0.0,9.9
south_foreststeppe,Южная лесостепь,2024,41,2024-10-07,2024-10-13,14.8,3.3
south_foreststeppe,Южная лесостепь,2024,42,2024-10-14,2024-10-20,0.0,0.7
south_foreststeppe,Южная лесостепь,2024,43,2024-10-21,2024-10-27,11.7,4.4
south_foreststeppe,Южная лесостепь,2024,44,2024-10-28,2024-10-31,14.5,-0.3
south_foreststeppe,Южная лесостепь,2025,9,2025-03-01,2025-03-02,0.0,-7.2
south_foreststeppe,Южная лесостепь,2025,10,2025-03-03,2025-03-09,9.1,-10.2
south_foreststeppe,Южная лесостепь,2025,11,2025-03-10,2025-03-16,3.0,-7.2
south_foreststeppe,Южная лесостепь,2025,12,2025-03-17,2025-03-23,7.0,1.2
south_foreststeppe,Южная лесостепь,2025,13,2025-03-24,2025-03-30,1.2,0.3
south_foreststeppe,Южная лесостепь,2025,14,2025-03-31,2025-04-06,13.5,6.6
south_foreststeppe,Южная лесостепь,2025,15,2025-04-07,2025-04-13,9.7,11.1
south_foreststeppe,Южная лесостепь,2025,16,2025-04-14,2025-04-20,17.5,4.2
south_foreststeppe,Южная лесостепь,2025,17,2025-04-21,2025-04-27,3.6,11.1
south_foreststeppe,Южная лесостепь,2025,18,2025-04-28,2025-05-04,7.6,10.1
south_foreststeppe,Южная лесостепь,2025,19,2025-05-05,2025-05-11,12.9,15.1
south_foreststeppe,Южная лесостепь,2025,20,2025-05-12,2025-05-18,23.9,14.6
south_foreststeppe,Южная лесостепь,2025,21,2025-05-19,2025-05-25,5.8,15.1
south_foreststeppe,Южная лесостепь,2025,22,2025-05-26,2025-06-01,4.2,13.7
south_foreststeppe,Южная лесостепь,2025,23,2025-06-02,2025-06-08,3.9,20.3
south_foreststeppe,Южная лесостепь,2025,24,2025-06-09,2025-06-15,12.9,22.6
south_foreststeppe,Южная лесостепь,2025,25,2025-06-16,2025-06-22,15.5,22.7
south_foreststeppe,Южная лесостепь,2025,26,2025-06-23,2025-06-29,11.3,17.9
south_foreststeppe,Южная лесостепь,2025,27,2025-06-30,2025-07-06,35.3,21.7
south_foreststeppe,Южная лесостепь,2025,28,2025-07-07,2025-07-13,26.5,17.9
south_foreststeppe,Южная лесостепь,2025,29,2025-07-14,2025-07-20,31.5,17.7
south_foreststeppe,Южная лесостепь,2025,30,2025-07-21,2025-07-27,11.0,18.2
south_foreststeppe,Южная лесостепь,2025,31,2025-07-28,2025-08-03,7.1,19.9
south_foreststeppe,Южная лесостепь,2025,32,2025-08-04,2025-08-10,36.7,14.0
south_foreststeppe,Южная лесостепь,2025,33,2025-08-11,2025-08-17,25.2,17.5
south_foreststeppe,Южная лесостепь,2025,34,2025-08-18,2025-08-24,14.4,17.7
south_foreststeppe,Южная лесостепь,2025,35,2025-08-25,2025-08-31,5.3,17.9
south_foreststeppe,Южная лесостепь,2025,36,2025-09-01,2025-09-07,12.4,14.6
south_foreststeppe,Южная лесостепь,2025,37,2025-09-08,2025-09-14,9.3,11.8
south_foreststeppe,Южная лесостепь,2025,38,2025-09-15,2025-09-21,0.1,13.8
south_foreststeppe,Южная лесостепь,2025,39,2025-09-22,2025-09-28,4.3,13.3
south_foreststeppe,Южная лесостепь,2025,40,2025-09-29,2025-10-05,17.3,2.7
south_foreststeppe,Южная лесостепь,2025,41,2025-10-06,2025-10-12,21.7,1.0
south_foreststeppe,Южная лесостепь,2025,42,2025-10-13,2025-10-19,0.1,-4.1
south_foreststeppe,Южная лесостепь,2025,43,2025-10-20,2025-10-26,1.3,0.3
south_foreststeppe,Южная лесостепь,2025,44,2025-10-27,2025-10-31,0.0,4.2
steppe,Степь,1996,9,1996-03-01,1996-03-03,3.5,-12.0
steppe,Степь,1996,10,1996-03-04,1996-03-10,0.4,-13.2
steppe,Степь,1996,11,1996-03-11,1996-03-17,2.5,-7.6
steppe,Степь,1996,12,1996-03-18,1996-03-24,1.0,-10.6
steppe,Степь,1996,13,1996-03-25,1996-03-31,2.2,-7.2
steppe,Степь,1996,14,1996-04-01,1996-04-07,0.4,-3.6
steppe,Степь,1996,15,1996-04-08,1996-04-14,0.0,0.8
steppe,Степь,1996,16,1996-04-15,1996-04-21,3.7,5.2
steppe,Степь,1996,17,1996-04-22,1996-04-28,43.2,-0.1
steppe,Степь,1996,18,1996-04-29,1996-05-05,7.8,3.8
steppe,Степь,1996,19,1996-05-06,1996-05-12,12.3,14.6
steppe,Степь,1996,20,1996-05-13,1996-05-19,4.3,13.3
steppe,Степь,1996,21,1996-05-20,1996-05-26,5.6,11.3
steppe,Степь,1996,22,1996-05-27,1996-06-02,0.0,12.5
steppe,Степь,1996,23,1996-06-03,1996-06-09,1.1,18.9
steppe,Степь,1996,24,1996-06-10,1996-06-16,40.6,15.7
steppe,Степь,1996,25,1996-06-17,1996-06-23,5.6,22.1
steppe,Степь,1996,26,1996-06-24,1996-06-30,4.4,20.0
steppe,Степь,1996,27,1996-07-01,1996-07-07,20.0,18.7
steppe,Степь,1996,28,1996-07-08,1996-07-14,54.3,17.8
steppe,Степь,1996,29,1996-07-15,1996-07-21,7.4,22.9
steppe,Степь,1996,30,1996-07-22,1996-07-28,5.8,19.8
steppe,Степь,1996,31,1996-07-29,1996-08-04,6.5,21.4
steppe,Степь,1996,32,1996-08-05,1996-08-11,47.4,16.5
steppe,Степь,1996,33,1996-08-12,1996-08-18,10.4,12.5
steppe,Степь,1996,34,1996-08-19,1996-08-25,20.0,15.0
steppe,Степь,1996,35,1996-08-26,1996-09-01,7.2,8.6
steppe,Степь,1996,36,1996-09-02,1996-09-08,9.8,11.6
steppe,Степь,1996,37,1996-09-09,1996-09-15,9.7,11.6
steppe,Степь,1996,38,1996-09-16,1996-09-22,22.9,8.6
steppe,Степь,1996,39,1996-09-23,1996-09-29,9.9,7.4
steppe,Степь,1996,40,1996-09-30,1996-10-06,10.4,4.1
steppe,Степь,1996,41,1996-10-07,1996-10-13,2.4,6.7
steppe,Степь,1996,42,1996-10-14,1996-10-20,2.8,-0.1
steppe,Степь,1996,43,1996-10-21,1996-10-27,3.9,-3.5
steppe,Степь,1996,44,1996-10-28,1996-10-31,0.0,-4.3
steppe,Степь,1997,9,1997-03-01,1997-03-02,0.0,-7.2
steppe,Степь,1997,10,1997-03-03,1997-03-09,4.8,-4.9
steppe,Степь,1997,11,1997-03-10,1997-03-16,11.0,-3.0
steppe,Степь,1997,12,1997-03-17,1997-03-23,0.0,-4.4
steppe,Степь,1997,13,1997-03-24,1997-03-30,0.0,-0.8
steppe,Степь,1997,14,1997-03-31,1997-04-06,0.2,2.1
steppe,Степь,1997,15,1997-04-07,1997-04-13,1.3,8.0
steppe,Степь,1997,16,1997-04-14,1997-04-20,0.0,9.7
steppe,Степь,1997,17,1997-04-21,1997-04-27,1.9,12.8
steppe,Степь,1997,18,1997-04-28,1997-05-04,3.1,10.7
steppe,Степь,1997,19,1997-05-05,1997-05-11,8.2,10.4
steppe,Степь,1997,20,1997-05-12,1997-05-18,13.2,10.8
steppe,Степь,1997,21,1997-05-19,1997-05-25,2.2,15.4
steppe,Степь,1997,22,1997-05-26,1997-06-01,0.1,22.8
steppe,Степь,1997,23,1997-06-02,1997-06-08,7.6,16.5
steppe,Степь,1997,24,1997-06-09,1997-06-15,15.0,16.6
steppe,Степь,1997,25,1997-06-16,1997-06-22,9.7,16.9
steppe,Степь,1997,26,1997-06-23,1997-06-29,2.9,19.9
steppe,Степь,1997,27,1997-06-30,1997-07-06,25.8,19.3
steppe,Степь,1997,28,1997-07-07,1997-07-13,8.1,18.4
steppe,Степь,1997,29,1997-07-14,1997-07-20,1.9,16.1
steppe,Степь,1997,30,1997-07-21,1997-07-27,3.2,16.9
steppe,Степь,1997,31,1997-07-28,1997-08-03,8.2,20.6
steppe,Степь,1997,32,1997-08-04,1997-08-10,15.4,20.8
steppe,Степь,1997,33,1997-08-11,1997-08-17,2.2,20.2
steppe,Степь,1997,34,1997-08-18,1997-08-24,8.5,16.6
steppe,Степь,1997,35,1997-08-25,1997-08-31,15.6,13.8
steppe,Степь,1997,36,1997-09-01,1997-09-07,13.4,8.6
steppe,Степь,1997,37,1997-09-08,1997-09-14,8.9,13.0
steppe,Степь,1997,38,1997-09-15,1997-09-21,3.5,14.8
steppe,Степь,1997,39,1997-09-22,1997-09-28,5.4,13.8
steppe,Степь,1997,40,1997-09-29,1997-10-05,0.0,11.4
steppe,Степь,1997,41,1997-10-06,1997-10-12,26.3,9.6
steppe,Степь,1997,42,1997-10-13,1997-10-19,1.0,8.6
steppe,Степь,1997,43,1997-10-20,1997-10-26,0.2,4.8
steppe,Степь,1997,44,1997-10-27,1997-10-31,6.2,2.5
steppe,Степь,1998,9,1998-03-01,1998-03-01,0.0,-7.3
steppe,Степь,1998,10,1998-03-02,1998-03-08,0.0,-8.6
steppe,Степь,1998,11,1998-03-09,1998-03-15,0.0,-9.4
steppe,Степь,1998,12,1998-03-16,1998-03-22,0.0,-11.3
steppe,Степь,1998,13,1998-03-23,1998-03-29,0.0,-6.8
steppe,Степь,1998,14,1998-03-30,1998-04-05,13.7,-2.3
steppe,Степь,1998,15,1998-04-06,1998-04-12,6.9,-1.8
steppe,Степь,1998,16,1998-04-13,1998-04-19,6.7,-0.2
steppe,Степь,1998,17,1998-04-20,1998-04-26,1.1,1.3
steppe,Степь,1998,18,1998-04-27,1998-05-03,16.2,3.3
steppe,Степь,1998,19,1998-05-04,1998-05-10,3.3,12.5
steppe,Степь,1998,20,1998-05-11,1998-05-17,11.2,7.4
steppe,Степь,1998,21,1998-05-18,1998-05-24,10.9,10.5
steppe,Степь,1998,22,1998-05-25,1998-05-31,0.1,20.3
steppe,Степь,1998,23,1998-06-01,1998-06-07,0.1,20.5
steppe,Степь,1998,24,1998-06-08,1998-06-14,9.9,17.3
steppe,Степь,1998,25,1998-06-15,1998-06-21,0.0,22.7
steppe,Степь,1998,26,1998-06-22,1998-06-28,29.3,15.4
steppe,Степь,1998,27,1998-06-29,1998-07-05,25.4,19.4
steppe,Степь,1998,28,1998-07-06,1998-07-12,2.3,24.8
steppe,Степь,1998,29,1998-07-13,1998-07-19,13.6,24.2
steppe,Степь,1998,30,1998-07-20,1998-07-26,0.0,23.5
steppe,Степь,1998,31,1998-07-27,1998-08-02,0.0,25.1
steppe,Степь,1998,32,1998-08-03,1998-08-09,0.0,27.1
steppe,Степь,1998,33,1998-08-10,1998-08-16,7.2,23.9
steppe,Степь,1998,34,1998-08-17,1998-08-23,11.6,16.2
steppe,Степь,1998,35,1998-08-24,1998-08-30,1.0,18.5
steppe,Степь,1998,36,1998-08-31,1998-09-06,44.9,13.3
steppe,Степь,1998,37,1998-09-07,1998-09-13,4.3,10.2
steppe,Степь,1998,38,1998-09-14,1998-09-20,9.4,10.7
steppe,Степь,1998,39,1998-09-21,1998-09-27,9.6,7.2
steppe,Степь,1998,40,1998-09-28,1998-10-04,13.9,4.8
steppe,Степь,1998,41,1998-10-05,1998-10-11,8.2,1.1
steppe,Степь,1998,42,1998-10-12,1998-10-18,14.6,6.0
steppe,Степь,1998,43,1998-10-19,1998-10-25,2.0,4.0
steppe,Степь,1998,44,1998-10-26,1998-10-31,0.9,4.6
steppe,Степь,1999,9,1999-03-01,1999-03-07,2.4,-15.7
steppe,Степь,1999,10,1999-03-08,1999-03-14,4.5,-20.0
steppe,Степь,1999,11,1999-03-15,1999-03-21,0.0,-17.8
steppe,Степь,1999,12,1999-03-22,1999-03-28,1.8,-12.1
steppe,Степь,1999,13,1999-03-29,1999-04-04,1.5,-1.4
steppe,Степь,1999,14,1999-04-05,1999-04-11,20.1,0.4
steppe,Степь,1999,15,1999-04-12,1999-04-18,1.2,5.3
steppe,Степь,1999,16,1999-04-19,1999-04-25,0.7,1.4
steppe,Степь,1999,17,1999-04-26,1999-05-02,0.0,10.7
steppe,Степь,1999,18,1999-05-03,1999-05-09,10.7,11.4
steppe,Степь,1999,19,1999-05-10,1999-05-16,0.0,14.5
steppe,Степь,1999,20,1999-05-17,1999-05-23,10.8,15.8
steppe,Степь,1999,21,1999-05-24,1999-05-30,2.5,17.4
steppe,Степь,1999,22,1999-05-31,1999-06-06,0.7,17.9
steppe,Степь,1999,23,1999-06-07,1999-06-13,12.6,12.6
steppe,Степь,1999,24,1999-06-14,1999-06-20,18.0,12.6
steppe,Степь,1999,25,1999-06-21,1999-06-27,16.1,17.7
steppe,Степь,1999,26,1999-06-28,1999-07-04,2.0,19.3
steppe,Степь,1999,27,1999-07-05,1999-07-11,0.5,25.9
steppe,Степь,1999,28,1999-07-12,1999-07-18,22.1,21.3
steppe,Степь,1999,29,1999-07-19,1999-07-25,1.6,20.7
steppe,Степь,1999,30,1999-07-26,1999-08-01,0.2,25.4
steppe,Степь,1999,31,1999-08-02,1999-08-08,19.1,15.8
steppe,Степь,1999,32,1999-08-09,1999-08-15,14.5,17.3
steppe,Степь,1999,33,1999-08-16,1999-08-22,1.2,22.5
steppe,Степь,1999,34,1999-08-23,1999-08-29,0.0,19.4
steppe,Степь,1999,35,1999-08-30,1999-09-05,21.1,13.5
steppe,Степь,1999,36,1999-09-06,1999-09-12,16.5,10.8
steppe,Степь,1999,37,1999-09-13,1999-09-19,1.3,14.9
steppe,Степь,1999,38,1999-09-20,1999-09-26,5.3,6.9
steppe,Степь,1999,39,1999-09-27,1999-10-03,5.4,10.9
steppe,Степь,1999,40,1999-10-04,1999-10-10,4.4,10.4
steppe,Степь,1999,41,1999-10-11,1999-10-17,0.2,8.6
steppe,Степь,1999,42,1999-10-18,1999-10-24,1.6,3.4
steppe,Степь,1999,43,1999-10-25,1999-10-31,2.0,2.1
steppe,Степь,2000,9,2000-03-01,2000-03-05,1.6,-7.3
steppe,Степь,2000,10,2000-03-06,2000-03-12,0.0,-8.7
steppe,Степь,2000,11,2000-03-13,2000-03-19,1.1,-6.4
steppe,Степь,2000,12,2000-03-20,2000-03-26,4.3,-3.5
steppe,Степь,2000,13,2000-03-27,2000-04-02,1.5,-2.2
steppe,Степь,2000,14,2000-04-03,2000-04-09,9.1,2.6
steppe,Степь,2000,15,2000-04-10,2000-04-16,6.1,5.5
steppe,Степь,2000,16,2000-04-17,2000-04-23,0.0,10.8
steppe,Степь,2000,17,2000-04-24,2000-04-30,5.0,10.3
steppe,Степь,2000,18,2000-05-01,2000-05-07,11.5,7.2
steppe,Степь,2000,19,2000-05-08,2000-05-14,11.3,9.7
steppe,Степь,2000,20,2000-05-15,2000-05-21,7.3,12.9
steppe,Степь,2000,21,2000-05-22,2000-05-28,23.9,15.8
steppe,Степь,2000,22,2000-05-29,2000-06-04,21.4,13.5
steppe,Степь,2000,23,2000-06-05,2000-06-11,17.1,15.3
steppe,Степь,2000,24,2000-06-12,2000-06-18,0.1,20.8
steppe,Степь,2000,25,2000-06-19,2000-06-25,0.0,25.5
steppe,Степь,2000,26,2000-06-26,2000-07-02,3.0,21.5
steppe,Степь,2000,27,2000-07-03,2000-07-09,1.8,21.8
steppe,Степь,2000,28,2000-07-10,2000-07-16,0.5,20.1
steppe,Степь,2000,29,2000-07-17,2000-07-23,2.2,19.3
steppe,Степь,2000,30,2000-07-24,2000-07-30,2.6,22.5
steppe,Степь,2000,31,2000-07-31,2000-08-06,14.7,23.9
steppe,Степь,2000,32,2000-08-07,2000-08-13,14.3,19.6
steppe,Степь,2000,33,2000-08-14,2000-08-20,1.3,18.5
steppe,Степь,2000,34,2000-08-21,2000-08-27,13.0,16.2
steppe,Степь,2000,35,2000-08-28,2000-09-03,3.1,13.5
steppe,Степь,2000,36,2000-09-04,2000-09-10,0.0,19.1
steppe,Степь,2000,37,2000-09-11,2000-09-17,4.4,13.2
steppe,Степь,2000,38,2000-09-18,2000-09-24,4.8,7.3
steppe,Степь,2000,39,2000-09-25,2000-10-01,9.1,4.6
steppe,Степь,2000,40,2000-10-02,2000-10-08,2.0,0.3
steppe,Степь,2000,41,2000-10-09,2000-10-15,6.5,0.9
steppe,Степь,2000,42,2000-10-16,2000-10-22,4.5,-0.8
steppe,Степь,2000,43,2000-10-23,2000-10-29,3.6,0.2
steppe,Степь,2000,44,2000-10-30,2000-10-31,6.2,0.1
steppe,Степь,2001,9,2001-03-01,2001-03-04,3.5,-12.9
steppe,Степь,2001,10,2001-03-05,2001-03-11,13.2,-7.1
steppe,Степь,2001,11,2001-03-12,2001-03-18,1.6,-2.7
steppe,Степь,2001,12,2001-03-19,2001-03-25,4.2,-1.3
steppe,Степь,2001,13,2001-03-26,2001-04-01,8.3,0.6
steppe,Степь,2001,14,2001-04-02,2001-04-08,7.1,-1.7
steppe,Степь,2001,15,2001-04-09,2001-04-15,12.3,6.9
steppe,Степь,2001,16,2001-04-16,2001-04-22,0.2,6.9
steppe,Степь,2001,17,2001-04-23,2001-04-29,12.2,8.5
steppe,Степь,2001,18,2001-04-30,2001-05-06,0.0,12.4
steppe,Степь,2001,19,2001-05-07,2001-05-13,6.5,16.4
steppe,Степь,2001,20,2001-05-14,2001-05-20,7.3,16.1
steppe,Степь,2001,21,2001-05-21,2001-05-27,0.0,20.7
steppe,Степь,2001,22,2001-05-28,2001-06-03,25.2,20.5
steppe,Степь,2001,23,2001-06-04,2001-06-10,16.9,14.8
steppe,Степь,2001,24,2001-06-11,2001-06-17,10.2,18.4
steppe,Степь,2001,25,2001-06-18,2001-06-24,17.7,17.9
steppe,Степь,2001,26,2001-06-25,2001-07-01,5.0,19.0
steppe,Степь,2001,27,2001-07-02,2001-07-08,12.5,17.4
steppe,Степь,2001,28,2001-07-09,2001-07-15,26.0,16.3
steppe,Степь,2001,29,2001-07-16,2001-07-22,20.1,18.7
steppe,Степь,2001,30,2001-07-23,2001-07-29,5.1,17.7
steppe,Степь,2001,31,2001-07-30,2001-08-05,2.8,22.3
steppe,Степь,2001,32,2001-08-06,2001-08-12,19.4,18.1
steppe,Степь,2001,33,2001-08-13,2001-08-19,5.8,20.5
steppe,Степь,2001,34,2001-08-20,2001-08-26,22.5,14.9
steppe,Степь,2001,35,2001-08-27,2001-09-02,7.8,15.1
steppe,Степь,2001,36,2001-09-03,2001-09-09,8.7,15.0
steppe,Степь,2001,37,2001-09-10,2001-09-16,9.3,9.1
steppe,Степь,2001,38,2001-09-17,2001-09-23,10.3,8.6
steppe,Степь,2001,39,2001-09-24,2001-09-30,1.1,10.5
steppe,Степь,2001,40,2001-10-01,2001-10-07,12.0,7.2
steppe,Степь,2001,41,2001-10-08,2001-10-14,15.7,3.2
steppe,Степь,2001,42,2001-10-15,2001-10-21,8.0,0.3
steppe,Степь,2001,43,2001-10-22,2001-10-28,4.2,0.5
steppe,Степь,2001,44,2001-10-29,2001-10-31,0.0,-3.9
steppe,Степь,2002,9,2002-03-01,2002-03-03,0.9,-5.0
steppe,Степь,2002,10,2002-03-04,2002-03-10,9.2,0.1
steppe,Степь,2002,11,2002-03-11,2002-03-17,5.0,-1.6
steppe,Степь,2002,12,2002-03-18,2002-03-24,2.1,0.7
steppe,Степь,2002,13,2002-03-25,2002-03-31,17.1,-1.3
steppe,Степь,2002,14,2002-04-01,2002-04-07,8.9,-8.7
steppe,Степь,2002,15,2002-04-08,2002-04-14,5.6,0.1
steppe,Степь,2002,16,2002-04-15,2002-04-21,14.7,3.6
steppe,Степь,2002,17,2002-04-22,2002-04-28,5.0,8.6
steppe,Степь,2002,18,2002-04-29,2002-05-05,0.2,8.3
steppe,Степь,2002,19,2002-05-06,2002-05-12,4.4,12.6
steppe,Степь,2002,20,2002-05-13,2002-05-19,4.0,12.0
steppe,Степь,2002,21,2002-05-20,2002-05-26,5.3,16.5
steppe,Степь,2002,22,2002-05-27,2002-06-02,10.4,11.6
steppe,Степь,2002,23,2002-06-03,2002-06-09,5.3,15.9
steppe,Степь,2002,24,2002-06-10,2002-06-16,4.4,17.5
steppe,Степь,2002,25,2002-06-17,2002-06-23,17.5,19.9
steppe,Степь,2002,26,2002-06-24,2002-06-30,10.2,18.5
steppe,Степь,2002,27,2002-07-01,2002-07-07,29.0,19.4
steppe,Степь,2002,28,2002-07-08,2002-07-14,19.5,18.2
steppe,Степь,2002,29,2002-07-15,2002-07-21,12.8,17.1
steppe,Степь,2002,30,2002-07-22,2002-07-28,3.8,19.8
steppe,Степь,2002,31,2002-07-29,2002-08-04,15.6,19.1
steppe,Степь,2002,32,2002-08-05,2002-08-11,7.9,20.6
steppe,Степь,2002,33,2002-08-12,2002-08-18,1.8,17.1
steppe,Степь,2002,34,2002-08-19,2002-08-25,15.8,16.1
steppe,Степь,2002,35,2002-08-26,2002-09-01,16.8,13.7
steppe,Степь,2002,36,2002-09-02,2002-09-08,3.1,13.9
steppe,Степь,2002,37,2002-09-09,2002-09-15,1.5,13.5
steppe,Степь,2002,38,2002-09-16,2002-09-22,0.0,14.4
steppe,Степь,2002,39,2002-09-23,2002-09-29,4.7,11.0
steppe,Степь,2002,40,2002-09-30,2002-10-06,2.5,8.9
steppe,Степь,2002,41,2002-10-07,2002-10-13,20.8,4.4
steppe,Степь,2002,42,2002-10-14,2002-10-20,3.2,-1.2
steppe,Степь,2002,43,2002-10-21,2002-10-27,0.0,4.0
steppe,Степь,2002,44,2002-10-28,2002-10-31,0.0,-0.3
steppe,Степь,2003,9,2003-03-01,2003-03-02,0.0,-12.2
steppe,Степь,2003,10,2003-03-03,2003-03-09,0.0,-14.4
steppe,Степь,2003,11,2003-03-10,2003-03-16,0.0,-8.8
steppe,Степь,2003,12,2003-03-17,2003-03-23,1.4,-4.2
steppe,Степь,2003,13,2003-03-24,2003-03-30,2.4,-2.1
steppe,Степь,2003,14,2003-03-31,2003-04-06,3.4,-1.7
steppe,Степь,2003,15,2003-04-07,2003-04-13,1.9,0.8
steppe,Степь,2003,16,2003-04-14,2003-04-20,1.7,-0.9
steppe,Степь,2003,17,2003-04-21,2003-04-27,8.6,9.6
steppe,Степь,2003,18,2003-04-28,2003-05-04,6.9,8.1
steppe,Степь,2003,19,2003-05-05,2003-05-11,0.4,13.9
steppe,Степь,2003,20,2003-05-12,2003-05-18,0.0,19.4
steppe,Степь,2003,21,2003-05-19,2003-05-25,33.5,16.5
steppe,Степь,2003,22,2003-05-26,2003-06-01,12.9,14.9
steppe,Степь,2003,23,2003-06-02,2003-06-08,22.9,17.0
steppe,Степь,2003,24,2003-06-09,2003-06-15,15.3,17.4
steppe,Степь,2003,25,2003-06-16,2003-06-22,10.8,18.1
steppe,Степь,2003,26,2003-06-23,2003-06-29,0.0,21.5
steppe,Степь,2003,27,2003-06-30,2003-07-06,2.8,24.2
steppe,Степь,2003,28,2003-07-07,2003-07-13,26.1,18.9
steppe,Степь,2003,29,2003-07-14,2003-07-20,33.7,16.8
steppe,Степь,2003,30,2003-07-21,2003-07-27,8.2,13.8
steppe,Степь,2003,31,2003-07-28,2003-08-03,8.5,18.1
steppe,Степь,2003,32,2003-08-04,2003-08-10,11.6,21.0
steppe,Степь,2003,33,2003-08-11,2003-08-17,57.8,19.0
steppe,Степь,2003,34,2003-08-18,2003-08-24,0.0,20.4
steppe,Степь,2003,35,2003-08-25,2003-08-31,2.3,20.7
steppe,Степь,2003,36,2003-09-01,2003-09-07,0.0,21.2
steppe,Степь,2003,37,2003-09-08,2003-09-14,35.2,14.0
steppe,Степь,2003,38,2003-09-15,2003-09-21,0.6,13.3
steppe,Степь,2003,39,2003-09-22,2003-09-28,1.5,6.5
steppe,Степь,2003,40,2003-09-29,2003-10-05,0.0,7.7
steppe,Степь,2003,41,2003-10-06,2003-10-12,0.0,3.8
steppe,Степь,2003,42,2003-10-13,2003-10-19,0.0,5.5
steppe,Степь,2003,43,2003-10-20,2003-10-26,15.6,3.3
steppe,Степь,2003,44,2003-10-27,2003-10-31,1.5,-1.4
steppe,Степь,2004,10,2004-03-01,2004-03-07,16.1,-6.9
steppe,Степь,2004,11,2004-03-08,2004-03-14,4.4,-11.2
steppe,Степь,2004,12,2004-03-15,2004-03-21,0.0,-12.8
steppe,Степь,2004,13,2004-03-22,2004-03-28,13.9,-8.5
steppe,Степь,2004,14,2004-03-29,2004-04-04,7.4,1.9
steppe,Степь,2004,15,2004-04-05,2004-04-11,12.2,2.0
steppe,Степь,2004,16,2004-04-12,2004-04-18,17.0,3.8
steppe,Степь,2004,17,2004-04-19,2004-04-25,15.4,2.5
steppe,Степь,2004,18,2004-04-26,2004-05-02,0.4,4.5
steppe,Степь,2004,19,2004-05-03,2004-05-09,2.5,10.0
steppe,Степь,2004,20,2004-05-10,2004-05-16,0.0,19.9
steppe,Степь,2004,21,2004-05-17,2004-05-23,25.1,18.8
steppe,Степь,2004,22,2004-05-24,2004-05-30,5.6,17.4
steppe,Степь,2004,23,2004-05-31,2004-06-06,1.9,20.6
steppe,Степь,2004,24,2004-06-07,2004-06-13,1.3,19.6
steppe,Степь,2004,25,2004-06-14,2004-06-20,2.6,22.2
steppe,Степь,2004,26,2004-06-21,2004-06-27,10.3,18.6
steppe,Степь,2004,27,2004-06-28,2004-07-04,29.3,17.7
steppe,Степь,2004,28,2004-07-05,2004-07-11,25.8,18.2
steppe,Степь,2004,29,2004-07-12,2004-07-18,0.6,21.2
steppe,Степь,2004,30,2004-07-19,2004-07-25,4.1,21.4
steppe,Степь,2004,31,2004-07-26,2004-08-01,16.8,24.1
steppe,Степь,2004,32,2004-08-02,2004-08-08,10.5,16.4
steppe,Степь,2004,33,2004-08-09,2004-08-15,3.0,20.7
steppe,Степь,2004,34,2004-08-16,2004-08-22,4.4,18.0
steppe,Степь,2004,35,2004-08-23,2004-08-29,17.7,16.3
steppe,Степь,2004,36,2004-08-30,2004-09-05,13.4,13.6
steppe,Степь,2004,37,2004-09-06,2004-09-12,3.9,13.0
steppe,Степь,2004,38,2004-09-13,2004-09-19,4.8,13.9
steppe,Степь,2004,39,2004-09-20,2004-09-26,20.6,9.0
steppe,Степь,2004,40,2004-09-27,2004-10-03,4.0,11.4
steppe,Степь,2004,41,2004-10-04,2004-10-10,11.6,8.5
steppe,Степь,2004,42,2004-10-11,2004-10-17,10.0,6.2
steppe,Степь,2004,43,2004-10-18,2004-10-24,1.0,0.6
steppe,Степь,2004,44,2004-10-25,2004-10-31,13.4,2.1
steppe,Степь,2005,9,2005-03-01,2005-03-06,1.2,-7.0
steppe,Степь,2005,10,2005-03-07,2005-03-13,3.9,-6.5
steppe,Степь,2005,11,2005-03-14,2005-03-20,4.7,-3.3
steppe,Степь,2005,12,2005-03-21,2005-03-27,8.9,-3.6
steppe,Степь,2005,13,2005-03-28,2005-04-03,5.2,-4.0
steppe,Степь,2005,14,2005-04-04,2005-04-10,5.8,-3.3
steppe,Степь,2005,15,2005-04-11,2005-04-17,7.5,3.1
steppe,Степь,2005,16,2005-04-18,2005-04-24,1.8,12.6
steppe,Степь,2005,17,2005-04-25,2005-05-01,1.0,9.9
steppe,Степь,2005,18,2005-05-02,2005-05-08,1.6,11.0
steppe,Степь,2005,19,2005-05-09,2005-05-15,0.4,13.1
steppe,Степь,2005,20,2005-05-16,2005-05-22,7.3,17.3
steppe,Степь,2005,21,2005-05-23,2005-05-29,9.3,13.6
steppe,Степь,2005,22,2005-05-30,2005-06-05,9.7,16.0
steppe,Степь,2005,23,2005-06-06,2005-06-12,4.2,24.3
steppe,Степь,2005,24,2005-06-13,2005-06-19,2.8,20.1
steppe,Степь,2005,25,2005-06-20,2005-06-26,35.3,20.7
steppe,Степь,2005,26,2005-06-27,2005-07-03,11.2,21.5
steppe,Степь,2005,27,2005-07-04,2005-07-10,27.5,21.8
steppe,Степь,2005,28,2005-07-11,2005-07-17,22.5,17.1
steppe,Степь,2005,29,2005-07-18,2005-07-24,3.3,19.5
steppe,Степь,2005,30,2005-07-25,2005-07-31,7.8,22.0
steppe,Степь,2005,31,2005-08-01,2005-08-07,21.1,20.9
steppe,Степь,2005,32,2005-08-08,2005-08-14,3.1,16.0
steppe,Степь,2005,33,2005-08-15,2005-08-21,6.5,22.4
steppe,Степь,2005,34,2005-08-22,2005-08-28,33.1,12.0
steppe,Степь,2005,35,2005-08-29,2005-09-04,10.7,15.6
steppe,Степь,2005,36,2005-09-05,2005-09-11,8.8,15.0
steppe,Степь,2005,37,2005-09-12,2005-09-18,3.1,10.2
steppe,Степь,2005,38,2005-09-19,2005-09-25,6.5,10.2
steppe,Степь,2005,39,2005-09-26,2005-10-02,0.0,9.6
steppe,Степь,2005,40,2005-10-03,2005-10-09,7.2,6.7
steppe,Степь,2005,41,2005-10-10,2005-10-16,0.0,4.3
steppe,Степь,2005,42,2005-10-17,2005-10-23,7.7,6.8
steppe,Степь,2005,43,2005-10-24,2005-10-30,1.0,2.9
steppe,Степь,2005,44,2005-10-31,2005-10-31,1.3,-1.0
steppe,Степь,2006,9,2006-03-01,2006-03-05,0.0,-9.0
steppe,Степь,2006,10,2006-03-06,2006-03-12,10.6,-3.7
steppe,Степь,2006,11,2006-03-13,2006-03-19,0.0,-4.8
steppe,Степь,2006,12,2006-03-20,2006-03-26,1.5,-0.9
steppe,Степь,2006,13,2006-03-27,2006-04-02,4.0,-0.7
steppe,Степь,2006,14,2006-04-03,2006-04-09,16.3,-4.0
steppe,Степь,2006,15,2006-04-10,2006-04-16,3.3,1.9
steppe,Степь,2006,16,2006-04-17,2006-04-23,10.2,5.9
steppe,Степь,2006,17,2006-04-24,2006-04-30,11.4,5.4
steppe,Степь,2006,18,2006-05-01,2006-05-07,0.7,4.3
steppe,Степь,2006,19,2006-05-08,2006-05-14,0.2,13.3
steppe,Степь,2006,20,2006-05-15,2006-05-21,13.7,11.9
steppe,Степь,2006,21,2006-05-22,2006-05-28,5.0,16.5
steppe,Степь,2006,22,2006-05-29,2006-06-04,3.5,18.9
steppe,Степь,2006,23,2006-06-05,2006-06-11,0.0,23.1
steppe,Степь,2006,24,2006-06-12,2006-06-18,3.4,22.2
steppe,Степь,2006,25,2006-06-19,2006-06-25,16.9,23.3
steppe,Степь,2006,26,2006-06-26,2006-07-02,18.2,22.4
steppe,Степь,2006,27,2006-07-03,2006-07-09,5.9,18.2
steppe,Степь,2006,28,2006-07-10,2006-07-16,3.6,20.2
steppe,Степь,2006,29,2006-07-17,2006-07-23,9.7,23.1
steppe,Степь,2006,30,2006-07-24,2006-07-30,11.7,17.3
steppe,Степь,2006,31,2006-07-31,2006-08-06,4.4,16.9
steppe,Степь,2006,32,2006-08-07,2006-08-13,9.1,17.2
steppe,Степь,2006,33,2006-08-14,2006-08-20,29.3,15.7
steppe,Степь,2006,34,2006-08-21,2006-08-27,1.5,17.5
steppe,Степь,2006,35,2006-08-28,2006-09-03,0.4,16.3
steppe,Степь,2006,36,2006-09-04,2006-09-10,0.0,17.8
steppe,Степь,2006,37,2006-09-11,2006-09-17,6.2,14.6
steppe,Степь,2006,38,2006-09-18,2006-09-24,13.6,8.9
steppe,Степь,2006,39,2006-09-25,2006-10-01,0.1,8.7
steppe,Степь,2006,40,2006-10-02,2006-10-08,12.7,5.7
steppe,Степь,2006,41,2006-10-09,2006-10-15,14.2,2.3
steppe,Степь,2006,42,2006-10-16,2006-10-22,1.5,0.6
steppe,Степь,2006,43,2006-10-23,2006-10-29,1.3,4.4
steppe,Степь,2006,44,2006-10-30,2006-10-31,2.2,5.6
steppe,Степь,2007,9,2007-03-01,2007-03-04,0.0,-19.7
steppe,Степь,2007,10,2007-03-05,2007-03-11,0.0,-11.7
steppe,Степь,2007,11,2007-03-12,2007-03-18,2.5,-11.7
steppe,Степь,2007,12,2007-03-19,2007-03-25,1.5,-0.4
steppe,Степь,2007,13,2007-03-26,2007-04-01,1.5,-2.2
steppe,Степь,2007,14,2007-04-02,2007-04-08,5.9,1.5
steppe,Степь,2007,15,2007-04-09,2007-04-15,9.3,5.5
steppe,Степь,2007,16,2007-04-16,2007-04-22,11.9,7.4
steppe,Степь,2007,17,2007-04-23,2007-04-29,2.2,12.8
steppe,Степь,2007,18,2007-04-30,2007-05-06,5.7,11.7
steppe,Степь,2007,19,2007-05-07,2007-05-13,33.8,11.3
steppe,Степь,2007,20,2007-05-14,2007-05-20,0.8,15.7
steppe,Степь,2007,21,2007-05-21,2007-05-27,5.9,14.2
steppe,Степь,2007,22,2007-05-28,2007-06-03,2.0,14.5
steppe,Степь,2007,23,2007-06-04,2007-06-10,5.5,11.8
steppe,Степь,2007,24,2007-06-11,2007-06-17,7.1,16.0
steppe,Степь,2007,25,2007-06-18,2007-06-24,9.7,23.6
steppe,Степь,2007,26,2007-06-25,2007-07-01,8.3,21.0
steppe,Степь,2007,27,2007-07-02,2007-07-08,32.5,21.4
steppe,Степь,2007,28,2007-07-09,2007-07-15,36.7,22.8
steppe,Степь,2007,29,2007-07-16,2007-07-22,6.4,21.8
steppe,Степь,2007,30,2007-07-23,2007-07-29,3.7,17.8
steppe,Степь,2007,31,2007-07-30,2007-08-05,9.8,21.6
steppe,Степь,2007,32,2007-08-06,2007-08-12,13.2,17.7
steppe,Степь,2007,33,2007-08-13,2007-08-19,0.1,14.2
steppe,Степь,2007,34,2007-08-20,2007-08-26,3.1,17.5
steppe,Степь,2007,35,2007-08-27,2007-09-02,0.4,24.4
steppe,Степь,2007,36,2007-09-03,2007-09-09,0.5,16.7
steppe,Степь,2007,37,2007-09-10,2007-09-16,0.4,15.7
steppe,Степь,2007,38,2007-09-17,2007-09-23,27.8,10.4
steppe,Степь,2007,39,2007-09-24,2007-09-30,0.7,9.5
steppe,Степь,2007,40,2007-10-01,2007-10-07,4.3,6.5
steppe,Степь,2007,41,2007-10-08,2007-10-14,1.3,6.0
steppe,Степь,2007,42,2007-10-15,2007-10-21,0.2,6.3
steppe,Степь,2007,43,2007-10-22,2007-10-28,5.0,2.5
steppe,Степь,2007,44,2007-10-29,2007-10-31,0.0,3.5
steppe,Степь,2008,9,2008-03-01,2008-03-02,0.0,-1.0
steppe,Степь,2008,10,2008-03-03,2008-03-09,6.6,-2.8
steppe,Степь,2008,11,2008-03-10,2008-03-16,8.8,-6.7
steppe,Степь,2008,12,2008-03-17,2008-03-23,13.9,-2.1
steppe,Степь,2008,13,2008-03-24,2008-03-30,0.0,0.7
steppe,Степь,2008,14,2008-03-31,2008-04-06,0.0,3.1
steppe,Степь,2008,15,2008-04-07,2008-04-13,1.0,7.2
steppe,Степь,2008,16,2008-04-14,2008-04-20,0.2,0.4
steppe,Степь,2008,17,2008-04-21,2008-04-27,3.9,11.5
steppe,Степь,2008,18,2008-04-28,2008-05-04,12.0,3.3
steppe,Степь,2008,19,2008-05-05,2008-05-11,2.6,13.5
steppe,Степь,2008,20,2008-05-12,2008-05-18,1.0,17.9
steppe,Степь,2008,21,2008-05-19,2008-05-25,12.4,13.9
steppe,Степь,2008,22,2008-05-26,2008-06-01,5.1,18.1
steppe,Степь,2008,23,2008-06-02,2008-06-08,17.8,16.7
steppe,Степь,2008,24,2008-06-09,2008-06-15,1.7,16.6
steppe,Степь,2008,25,2008-06-16,2008-06-22,4.1,21.5
steppe,Степь,2008,26,2008-06-23,2008-06-29,17.4,21.2
steppe,Степь,2008,27,2008-06-30,2008-07-06,8.7,20.1
steppe,Степь,2008,28,2008-07-07,2008-07-13,0.9,24.5
steppe,Степь,2008,29,2008-07-14,2008-07-20,47.1,23.3
steppe,Степь,2008,30,2008-07-21,2008-07-27,2.6,22.3
steppe,Степь,2008,31,2008-07-28,2008-08-03,6.5,23.2
steppe,Степь,2008,32,2008-08-04,2008-08-10,2.5,20.1
steppe,Степь,2008,33,2008-08-11,2008-08-17,4.4,20.5
steppe,Степь,2008,34,2008-08-18,2008-08-24,17.2,16.2
steppe,Степь,2008,35,2008-08-25,2008-08-31,7.0,17.9
steppe,Степь,2008,36,2008-09-01,2008-09-07,0.8,14.4
steppe,Степь,2008,37,2008-09-08,2008-09-14,26.6,11.8
steppe,Степь,2008,38,2008-09-15,2008-09-21,38.5,5.8
steppe,Степь,2008,39,2008-09-22,2008-09-28,0.3,7.0
steppe,Степь,2008,40,2008-09-29,2008-10-05,0.0,6.0
steppe,Степь,2008,41,2008-10-06,2008-10-12,6.3,8.5
steppe,Степь,2008,42,2008-10-13,2008-10-19,21.1,3.6
steppe,Степь,2008,43,2008-10-20,2008-10-26,0.0,1.5
steppe,Степь,2008,44,2008-10-27,2008-10-31,0.0,2.9
steppe,Степь,2009,9,2009-03-01,2009-03-01,0.0,-13.9
steppe,Степь,2009,10,2009-03-02,2009-03-08,5.5,-10.1
steppe,Степь,2009,11,2009-03-09,2009-03-15,0.6,-6.0
steppe,Степь,2009,12,2009-03-16,2009-03-22,0.0,-7.6
steppe,Степь,2009,13,2009-03-23,2009-03-29,0.3,0.7
steppe,Степь,2009,14,2009-03-30,2009-04-05,3.7,6.3
steppe,Степь,2009,15,2009-04-06,2009-04-12,6.6,1.3
steppe,Степь,2009,16,2009-04-13,2009-04-19,3.7,2.8
steppe,Степь,2009,17,2009-04-20,2009-04-26,10.7,7.4
steppe,Степь,2009,18,2009-04-27,2009-05-03,4.1,9.3
steppe,Степь,2009,19,2009-05-04,2009-05-10,5.0,9.8
steppe,Степь,2009,20,2009-05-11,2009-05-17,1.9,17.9
steppe,Степь,2009,21,2009-05-18,2009-05-24,18.1,9.1
steppe,Степь,2009,22,2009-05-25,2009-05-31,5.8,16.4
steppe,Степь,2009,23,2009-06-01,2009-06-07,7.2,18.1
steppe,Степь,2009,24,2009-06-08,2009-06-14,7.5,19.4
steppe,Степь,2009,25,2009-06-15,2009-06-21,3.0,18.9
steppe,Степь,2009,26,2009-06-22,2009-06-28,9.6,14.6
steppe,Степь,2009,27,2009-06-29,2009-07-05,5.0,16.6
steppe,Степь,2009,28,2009-07-06,2009-07-12,10.9,22.6
steppe,Степь,2009,29,2009-07-13,2009-07-19,37.8,19.1
steppe,Степь,2009,30,2009-07-20,2009-07-26,13.9,17.7
steppe,Степь,2009,31,2009-07-27,2009-08-02,54.9,17.5
steppe,Степь,2009,32,2009-08-03,2009-08-09,6.0,17.9
steppe,Степь,2009,33,2009-08-10,2009-08-16,4.2,14.4
steppe,Степь,2009,34,2009-08-17,2009-08-23,3.2,19.0
steppe,Степь,2009,35,2009-08-24,2009-08-30,15.4,18.7
steppe,Степь,2009,36,2009-08-31,2009-09-06,23.8,11.5
steppe,Степь,2009,37,2009-09-07,2009-09-13,8.5,13.7
steppe,Степь,2009,38,2009-09-14,2009-09-20,7.9,10.8
steppe,Степь,2009,39,2009-09-21,2009-09-27,7.4,11.3
steppe,Степь,2009,40,2009-09-28,2009-10-04,3.2,11.5
steppe,Степь,2009,41,2009-10-05,2009-10-11,0.7,7.8
steppe,Степь,2009,42,2009-10-12,2009-10-18,4.1,5.7
steppe,Степь,2009,43,2009-10-19,2009-10-25,8.7,4.1
steppe,Степь,2009,44,2009-10-26,2009-10-31,0.8,-6.2
steppe,Степь,2010,9,2010-03-01,2010-03-07,0.2,-16.0
steppe,Степь,2010,10,2010-03-08,2010-03-14,9.4,-6.8
steppe,Степь,2010,11,2010-03-15,2010-03-21,15.9,-5.8
steppe,Степь,2010,12,2010-03-22,2010-03-28,8.1,-4.9
steppe,Степь,2010,13,2010-03-29,2010-04-04,0.0,-2.1
steppe,Степь,2010,14,2010-04-05,2010-04-11,0.0,-1.6
steppe,Степь,2010,15,2010-04-12,2010-04-18,6.5,3.2
steppe,Степь,2010,16,2010-04-19,2010-04-25,0.0,10.9
steppe,Степь,2010,17,2010-04-26,2010-05-02,7.7,11.9
steppe,Степь,2010,18,2010-05-03,2010-05-09,2.4,13.3
steppe,Степь,2010,19,2010-05-10,2010-05-16,2.6,11.5
steppe,Степь,2010,20,2010-05-17,2010-05-23,2.7,7.9
steppe,Степь,2010,21,2010-05-24,2010-05-30,14.1,16.1
steppe,Степь,2010,22,2010-05-31,2010-06-06,5.7,17.3
steppe,Степь,2010,23,2010-06-07,2010-06-13,6.0,19.4
steppe,Степь,2010,24,2010-06-14,2010-06-20,8.8,24.4
steppe,Степь,2010,25,2010-06-21,2010-06-27,11.7,16.9
steppe,Степь,2010,26,2010-06-28,2010-07-04,8.7,19.7
steppe,Степь,2010,27,2010-07-05,2010-07-11,6.7,16.5
steppe,Степь,2010,28,2010-07-12,2010-07-18,0.7,23.9
steppe,Степь,2010,29,2010-07-19,2010-07-25,0.1,19.0
steppe,Степь,2010,30,2010-07-26,2010-08-01,2.0,17.7
steppe,Степь,2010,31,2010-08-02,2010-08-08,4.4,24.2
steppe,Степь,2010,32,2010-08-09,2010-08-15,1.0,18.0
steppe,Степь,2010,33,2010-08-16,2010-08-22,11.7,20.3
steppe,Степь,2010,34,2010-08-23,2010-08-29,13.3,18.3
steppe,Степь,2010,35,2010-08-30,2010-09-05,0.0,18.2
steppe,Степь,2010,36,2010-09-06,2010-09-12,4.8,12.5
steppe,Степь,2010,37,2010-09-13,2010-09-19,5.1,9.9
steppe,Степь,2010,38,2010-09-20,2010-09-26,0.4,13.8
steppe,Степь,2010,39,2010-09-27,2010-10-03,3.8,11.5
steppe,Степь,2010,40,2010-10-04,2010-10-10,0.6,5.3
steppe,Степь,2010,41,2010-10-11,2010-10-17,6.1,6.9
steppe,Степь,2010,42,2010-10-18,2010-10-24,0.0,1.1
steppe,Степь,2010,43,2010-10-25,2010-10-31,0.0,1.4
steppe,Степь,2011,9,2011-03-01,2011-03-06,0.0,-16.5
steppe,Степь,2011,10,2011-03-07,2011-03-13,1.1,-6.7
steppe,Степь,2011,11,2011-03-14,2011-03-20,11.9,-6.7
steppe,Степь,2011,12,2011-03-21,2011-03-27,3.7,-3.7
steppe,Степь,2011,13,2011-03-28,2011-04-03,2.4,-3.6
steppe,Степь,2011,14,2011-04-04,2011-04-10,6.5,4.1
steppe,Степь,2011,15,2011-04-11,2011-04-17,6.6,11.2
steppe,Степь,2011,16,2011-04-18,2011-04-24,9.5,10.4
steppe,Степь,2011,17,2011-04-25,2011-05-01,12.9,9.3
steppe,Степь,2011,18,2011-05-02,2011-05-08,1.0,10.1
steppe,Степь,2011,19,2011-05-09,2011-05-15,6.6,12.3
steppe,Степь,2011,20,2011-05-16,2011-05-22,3.0,13.0
steppe,Степь,2011,21,2011-05-23,2011-05-29,42.1,13.3
steppe,Степь,2011,22,2011-05-30,2011-06-05,5.7,18.7
steppe,Степь,2011,23,2011-06-06,2011-06-12,9.3,22.3
steppe,Степь,2011,24,2011-06-13,2011-06-19,4.0,19.7
steppe,Степь,2011,25,2011-06-20,2011-06-26,24.3,17.8
steppe,Степь,2011,26,2011-06-27,2011-07-03,12.2,19.4
steppe,Степь,2011,27,2011-07-04,2011-07-10,19.5,19.9
steppe,Степь,2011,28,2011-07-11,2011-07-17,22.1,16.9
steppe,Степь,2011,29,2011-07-18,2011-07-24,10.3,18.9
steppe,Степь,2011,30,2011-07-25,2011-07-31,13.6,21.2
steppe,Степь,2011,31,2011-08-01,2011-08-07,16.9,15.8
steppe,Степь,2011,32,2011-08-08,2011-08-14,5.4,20.5
steppe,Степь,2011,33,2011-08-15,2011-08-21,2.3,17.9
steppe,Степь,2011,34,2011-08-22,2011-08-28,16.1,12.3
steppe,Степь,2011,35,2011-08-29,2011-09-04,3.0,17.0
steppe,Степь,2011,36,2011-09-05,2011-09-11,0.5,15.7
steppe,Степь,2011,37,2011-09-12,2011-09-18,0.0,15.3
steppe,Степь,2011,38,2011-09-19,2011-09-25,4.4,12.9
steppe,Степь,2011,39,2011-09-26,2011-10-02,0.6,11.8
steppe,Степь,2011,40,2011-10-03,2011-10-09,19.6,9.9
steppe,Степь,2011,41,2011-10-10,2011-10-16,0.0,10.0
steppe,Степь,2011,42,2011-10-17,2011-10-23,2.1,4.3
steppe,Степь,2011,43,2011-10-24,2011-10-30,5.2,-0.0
steppe,Степь,2011,44,2011-10-31,2011-10-31,5.5,-2.0
steppe,Степь,2012,9,2012-03-01,2012-03-04,0.0,-11.3
steppe,Степь,2012,10,2012-03-05,2012-03-11,0.0,-6.2
steppe,Степь,2012,11,2012-03-12,2012-03-18,4.5,-7.1
steppe,Степь,2012,12,2012-03-19,2012-03-25,9.5,-1.2
steppe,Степь,2012,13,2012-03-26,2012-04-01,6.2,-0.9
steppe,Степь,2012,14,2012-04-02,2012-04-08,3.1,4.6
steppe,Степь,2012,15,2012-04-09,2012-04-15,0.0,9.7
steppe,Степь,2012,16,2012-04-16,2012-04-22,0.8,11.7
steppe,Степь,2012,17,2012-04-23,2012-04-29,5.0,10.9
steppe,Степь,2012,18,2012-04-30,2012-05-06,22.7,7.5
steppe,Степь,2012,19,2012-05-07,2012-05-13,3.9,11.4
steppe,Степь,2012,20,2012-05-14,2012-05-20,9.0,13.5
steppe,Степь,2012,21,2012-05-21,2012-05-27,1.2,15.2
steppe,Степь,2012,22,2012-05-28,2012-06-03,0.0,23.3
steppe,Степь,2012,23,2012-06-04,2012-06-10,17.3,19.8
steppe,Степь,2012,24,2012-06-11,2012-06-17,15.5,19.8
steppe,Степь,2012,25,2012-06-18,2012-06-24,2.5,23.3
steppe,Степь,2012,26,2012-06-25,2012-07-01,14.5,22.6
steppe,Степь,2012,27,2012-07-02,2012-07-08,4.6,22.8
steppe,Степь,2012,28,2012-07-09,2012-07-15,0.0,23.1
steppe,Степь,2012,29,2012-07-16,2012-07-22,1.1,28.9
steppe,Степь,2012,30,2012-07-23,2012-07-29,9.9,24.8
steppe,Степь,2012,31,2012-07-30,2012-08-05,16.9,21.8
steppe,Степь,2012,32,2012-08-06,2012-08-12,0.0,22.9
steppe,Степь,2012,33,2012-08-13,2012-08-19,3.9,19.7
steppe,Степь,2012,34,2012-08-20,2012-08-26,11.8,17.4
steppe,Степь,2012,35,2012-08-27,2012-09-02,2.5,17.1
steppe,Степь,2012,36,2012-09-03,2012-09-09,2.8,13.6
steppe,Степь,2012,37,2012-09-10,2012-09-16,13.7,14.4
steppe,Степь,2012,38,2012-09-17,2012-09-23,5.4,11.4
steppe,Степь,2012,39,2012-09-24,2012-09-30,0.0,10.8
steppe,Степь,2012,40,2012-10-01,2012-10-07,4.8,7.5
steppe,Степь,2012,41,2012-10-08,2012-10-14,0.0,7.8
steppe,Степь,2012,42,2012-10-15,2012-10-21,10.7,5.5
steppe,Степь,2012,43,2012-10-22,2012-10-28,4.1,-0.3
steppe,Степь,2012,44,2012-10-29,2012-10-31,0.2,2.7
steppe,Степь,2013,9,2013-03-01,2013-03-03,0.3,-9.5
steppe,Степь,2013,10,2013-03-04,2013-03-10,8.2,-10.9
steppe,Степь,2013,11,2013-03-11,2013-03-17,10.1,-7.2
steppe,Степь,2013,12,2013-03-18,2013-03-24,0.1,-5.3
steppe,Степь,2013,13,2013-03-25,2013-03-31,10.0,-2.4
steppe,Степь,2013,14,2013-04-01,2013-04-07,0.8,-0.4
steppe,Степь,2013,15,2013-04-08,2013-04-14,0.2,6.5
steppe,Степь,2013,16,2013-04-15,2013-04-21,4.8,5.0
steppe,Степь,2013,17,2013-04-22,2013-04-28,13.9,11.6
steppe,Степь,2013,18,2013-04-29,2013-05-05,15.6,8.8
steppe,Степь,2013,19,2013-05-06,2013-05-12,16.1,11.0
steppe,Степь,2013,20,2013-05-13,2013-05-19,9.4,9.5
steppe,Степь,2013,21,2013-05-20,2013-05-26,11.0,11.0
steppe,Степь,2013,22,2013-05-27,2013-06-02,0.0,13.9
steppe,Степь,2013,23,2013-06-03,2013-06-09,3.4,16.2
steppe,Степь,2013,24,2013-06-10,2013-06-16,8.8,17.0
steppe,Степь,2013,25,2013-06-17,2013-06-23,0.6,21.2
steppe,Степь,2013,26,2013-06-24,2013-06-30,0.0,19.7
steppe,Степь,2013,27,2013-07-01,2013-07-07,45.1,16.4
steppe,Степь,2013,28,2013-07-08,2013-07-14,3.2,20.7
steppe,Степь,2013,29,2013-07-15,2013-07-21,23.3,17.1
steppe,Степь,2013,30,2013-07-22,2013-07-28,30.7,21.1
steppe,Степь,2013,31,2013-07-29,2013-08-04,22.4,20.7
steppe,Степь,2013,32,2013-08-05,2013-08-11,29.2,19.2
steppe,Степь,2013,33,2013-08-12,2013-08-18,1.8,17.6
steppe,Степь,2013,34,2013-08-19,2013-08-25,4.9,17.5
steppe,Степь,2013,35,2013-08-26,2013-09-01,25.1,15.0
steppe,Степь,2013,36,2013-09-02,2013-09-08,0.0,16.7
steppe,Степь,2013,37,2013-09-09,2013-09-15,17.7,11.3
steppe,Степь,2013,38,2013-09-16,2013-09-22,0.6,6.4
steppe,Степь,2013,39,2013-09-23,2013-09-29,7.8,10.9
steppe,Степь,2013,40,2013-09-30,2013-10-06,8.0,5.3
steppe,Степь,2013,41,2013-10-07,2013-10-13,0.7,2.9
steppe,Степь,2013,42,2013-10-14,2013-10-20,0.5,3.7
steppe,Степь,2013,43,2013-10-21,2013-10-27,11.2,0.6
steppe,Степь,2013,44,2013-10-28,2013-10-31,3.9,6.5
steppe,Степь,2014,9,2014-03-01,2014-03-02,0.1,-4.5
steppe,Степь,2014,10,2014-03-03,2014-03-09,0.0,-10.0
steppe,Степь,2014,11,2014-03-10,2014-03-16,3.6,-2.2
steppe,Степь,2014,12,2014-03-17,2014-03-23,6.9,-0.7
steppe,Степь,2014,13,2014-03-24,2014-03-30,3.4,-0.1
steppe,Степь,2014,14,2014-03-31,2014-04-06,5.1,3.5
steppe,Степь,2014,15,2014-04-07,2014-04-13,12.7,2.0
steppe,Степь,2014,16,2014-04-14,2014-04-20,0.0,7.5
steppe,Степь,2014,17,2014-04-21,2014-04-27,4.5,4.9
steppe,Степь,2014,18,2014-04-28,2014-05-04,1.1,12.0
steppe,Степь,2014,19,2014-05-05,2014-05-11,0.9,11.4
steppe,Степь,2014,20,2014-05-12,2014-05-18,0.4,18.0
steppe,Степь,2014,21,2014-05-19,2014-05-25,4.9,12.6
steppe,Степь,2014,22,2014-05-26,2014-06-01,5.0,10.9
steppe,Степь,2014,23,2014-06-02,2014-06-08,0.1,14.4
steppe,Степь,2014,24,2014-06-09,2014-06-15,5.4,19.7
steppe,Степь,2014,25,2014-06-16,2014-06-22,8.1,22.5
steppe,Степь,2014,26,2014-06-23,2014-06-29,2.2,23.8
steppe,Степь,2014,27,2014-06-30,2014-07-06,9.2,19.7
steppe,Степь,2014,28,2014-07-07,2014-07-13,21.1,21.9
steppe,Степь,2014,29,2014-07-14,2014-07-20,12.3,14.9
steppe,Степь,2014,30,2014-07-21,2014-07-27,15.3,16.0
steppe,Степь,2014,31,2014-07-28,2014-08-03,8.1,16.7
steppe,Степь,2014,32,2014-08-04,2014-08-10,2.4,20.5
steppe,Степь,2014,33,2014-08-11,2014-08-17,28.9,19.8
steppe,Степь,2014,34,2014-08-18,2014-08-24,0.2,24.1
steppe,Степь,2014,35,2014-08-25,2014-08-31,1.0,17.8
steppe,Степь,2014,36,2014-09-01,2014-09-07,1.3,14.3
steppe,Степь,2014,37,2014-09-08,2014-09-14,7.1,10.2
steppe,Степь,2014,38,2014-09-15,2014-09-21,12.3,8.4
steppe,Степь,2014,39,2014-09-22,2014-09-28,0.0,9.1
steppe,Степь,2014,40,2014-09-29,2014-10-05,2.9,6.3
steppe,Степь,2014,41,2014-10-06,2014-10-12,12.3,2.9
steppe,Степь,2014,42,2014-10-13,2014-10-19,21.7,0.8
steppe,Степь,2014,43,2014-10-20,2014-10-26,14.4,-1.5
steppe,Степь,2014,44,2014-10-27,2014-10-31,4.7,-2.2
steppe,Степь,2015,9,2015-03-01,2015-03-01,0.0,-3.6
steppe,Степь,2015,10,2015-03-02,2015-03-08,0.0,-10.7
steppe,Степь,2015,11,2015-03-09,2015-03-15,13.2,-3.7
steppe,Степь,2015,12,2015-03-16,2015-03-22,2.7,-2.6
steppe,Степь,2015,13,2015-03-23,2015-03-29,2.8,-5.4
steppe,Степь,2015,14,2015-03-30,2015-04-05,0.0,-4.2
steppe,Степь,2015,15,2015-04-06,2015-04-12,11.7,2.8
steppe,Степь,2015,16,2015-04-13,2015-04-19,8.4,5.3
steppe,Степь,2015,17,2015-04-20,2015-04-26,13.4,9.7
steppe,Степь,2015,18,2015-04-27,2015-05-03,2.6,9.3
steppe,Степь,2015,19,2015-05-04,2015-05-10,6.5,15.6
steppe,Степь,2015,20,2015-05-11,2015-05-17,16.7,14.2
steppe,Степь,2015,21,2015-05-18,2015-05-24,8.8,12.3
steppe,Степь,2015,22,2015-05-25,2015-05-31,4.0,14.9
steppe,Степь,2015,23,2015-06-01,2015-06-07,14.1,22.5
steppe,Степь,2015,24,2015-06-08,2015-06-14,30.1,17.3
steppe,Степь,2015,25,2015-06-15,2015-06-21,12.8,21.3
steppe,Степь,2015,26,2015-06-22,2015-06-28,0.0,20.9
steppe,Степь,2015,27,2015-06-29,2015-07-05,44.7,20.8
steppe,Степь,2015,28,2015-07-06,2015-07-12,20.0,15.5
steppe,Степь,2015,29,2015-07-13,2015-07-19,0.3,22.4
steppe,Степь,2015,30,2015-07-20,2015-07-26,20.1,20.0
steppe,Степь,2015,31,2015-07-27,2015-08-02,13.9,19.1
steppe,Степь,2015,32,2015-08-03,2015-08-09,4.7,17.1
steppe,Степь,2015,33,2015-08-10,2015-08-16,28.4,16.1
steppe,Степь,2015,34,2015-08-17,2015-08-23,16.7,17.9
steppe,Степь,2015,35,2015-08-24,2015-08-30,20.1,11.8
steppe,Степь,2015,36,2015-08-31,2015-09-06,0.4,14.5
steppe,Степь,2015,37,2015-09-07,2015-09-13,9.7,15.6
steppe,Степь,2015,38,2015-09-14,2015-09-20,4.1,9.2
steppe,Степь,2015,39,2015-09-21,2015-09-27,4.9,5.9
steppe,Степь,2015,40,2015-09-28,2015-10-04,9.2,9.7
steppe,Степь,2015,41,2015-10-05,2015-10-11,0.4,6.2
steppe,Степь,2015,42,2015-10-12,2015-10-18,2.6,0.7
steppe,Степь,2015,43,2015-10-19,2015-10-25,38.0,-0.5
steppe,Степь,2015,44,2015-10-26,2015-10-31,13.4,0.1
steppe,Степь,2016,9,2016-03-01,2016-03-06,7.4,-5.6
steppe,Степь,2016,10,2016-03-07,2016-03-13,4.0,-7.6
steppe,Степь,2016,11,2016-03-14,2016-03-20,4.8,-3.1
steppe,Степь,2016,12,2016-03-21,2016-03-27,6.1,-0.2
steppe,Степь,2016,13,2016-03-28,2016-04-03,10.3,2.7
steppe,Степь,2016,14,2016-04-04,2016-04-10,5.6,4.5
steppe,Степь,2016,15,2016-04-11,2016-04-17,6.0,8.6
steppe,Степь,2016,16,2016-04-18,2016-04-24,14.5,13.7
steppe,Степь,2016,17,2016-04-25,2016-05-01,3.9,8.4
steppe,Степь,2016,18,2016-05-02,2016-05-08,0.0,9.1
steppe,Степь,2016,19,2016-05-09,2016-05-15,4.8,10.2
steppe,Степь,2016,20,2016-05-16,2016-05-22,0.0,14.8
steppe,Степь,2016,21,2016-05-23,2016-05-29,2.2,20.8
steppe,Степь,2016,22,2016-05-30,2016-06-05,3.1,13.9
steppe,Степь,2016,23,2016-06-06,2016-06-12,22.9,21.6
steppe,Степь,2016,24,2016-06-13,2016-06-19,10.7,18.3
steppe,Степь,2016,25,2016-06-20,2016-06-26,10.5,20.6
steppe,Степь,2016,26,2016-06-27,2016-07-03,25.7,17.1
steppe,Степь,2016,27,2016-07-04,2016-07-10,13.7,20.7
steppe,Степь,2016,28,2016-07-11,2016-07-17,11.6,22.5
steppe,Степь,2016,29,2016-07-18,2016-07-24,76.2,19.8
steppe,Степь,2016,30,2016-07-25,2016-07-31,33.2,17.9
steppe,Степь,2016,31,2016-08-01,2016-08-07,3.2,19.5
steppe,Степь,2016,32,2016-08-08,2016-08-14,0.8,21.4
steppe,Степь,2016,33,2016-08-15,2016-08-21,9.4,20.8
steppe,Степь,2016,34,2016-08-22,2016-08-28,11.8,20.5
steppe,Степь,2016,35,2016-08-29,2016-09-04,2.0,16.6
steppe,Степь,2016,36,2016-09-05,2016-09-11,14.8,17.6
steppe,Степь,2016,37,2016-09-12,2016-09-18,9.8,14.4
steppe,Степь,2016,38,2016-09-19,2016-09-25,0.3,12.2
steppe,Степь,2016,39,2016-09-26,2016-10-02,7.6,8.7
steppe,Степь,2016,40,2016-10-03,2016-10-09,19.3,3.9
steppe,Степь,2016,41,2016-10-10,2016-10-16,0.9,-0.3
steppe,Степь,2016,42,2016-10-17,2016-10-23,0.3,-3.9
steppe,Степь,2016,43,2016-10-24,2016-10-30,2.3,-2.9
steppe,Степь,2016,44,2016-10-31,2016-10-31,0.0,-3.5
steppe,Степь,2017,9,2017-03-01,2017-03-05,0.0,-6.9
steppe,Степь,2017,10,2017-03-06,2017-03-12,2.5,-8.9
steppe,Степь,2017,11,2017-03-13,2017-03-19,0.0,-9.6
steppe,Степь,2017,12,2017-03-20,2017-03-26,1.2,-5.4
steppe,Степь,2017,13,2017-03-27,2017-04-02,12.8,-0.5
steppe,Степь,2017,14,2017-04-03,2017-04-09,2.8,0.6
steppe,Степь,2017,15,2017-04-10,2017-04-16,13.9,7.2
steppe,Степь,2017,16,2017-04-17,2017-04-23,9.0,9.2
steppe,Степь,2017,17,2017-04-24,2017-04-30,1.9,10.6
steppe,Степь,2017,18,2017-05-01,2017-05-07,7.2,12.2
steppe,Степь,2017,19,2017-05-08,2017-05-14,3.0,14.7
steppe,Степь,2017,20,2017-05-15,2017-05-21,2.0,12.7
steppe,Степь,2017,21,2017-05-22,2017-05-28,4.1,17.4
steppe,Степь,2017,22,2017-05-29,2017-06-04,10.3,17.3
steppe,Степь,2017,23,2017-06-05,2017-06-11,6.1,16.9
steppe,Степь,2017,24,2017-06-12,2017-06-18,1.3,25.3
steppe,Степь,2017,25,2017-06-19,2017-06-25,0.9,22.9
steppe,Степь,2017,26,2017-06-26,2017-07-02,17.6,22.7
steppe,Степь,2017,27,2017-07-03,2017-07-09,9.8,19.8
steppe,Степь,2017,28,2017-07-10,2017-07-16,18.0,18.1
steppe,Степь,2017,29,2017-07-17,2017-07-23,24.2,19.9
steppe,Степь,2017,30,2017-07-24,2017-07-30,36.1,21.7
steppe,Степь,2017,31,2017-07-31,2017-08-06,0.4,23.7
steppe,Степь,2017,32,2017-08-07,2017-08-13,11.8,16.8
steppe,Степь,2017,33,2017-08-14,2017-08-20,1.4,17.8
steppe,Степь,2017,34,2017-08-21,2017-08-27,0.6,22.8
steppe,Степь,2017,35,2017-08-28,2017-09-03,1.8,21.1
steppe,Степь,2017,36,2017-09-04,2017-09-10,9.9,15.6
steppe,Степь,2017,37,2017-09-11,2017-09-17,17.5,12.9
steppe,Степь,2017,38,2017-09-18,2017-09-24,2.7,10.2
steppe,Степь,2017,39,2017-09-25,2017-10-01,5.2,4.7
steppe,Степь,2017,40,2017-10-02,2017-10-08,4.1,1.7
steppe,Степь,2017,41,2017-10-09,2017-10-15,9.4,5.6
steppe,Степь,2017,42,2017-10-16,2017-10-22,5.5,5.3
steppe,Степь,2017,43,2017-10-23,2017-10-29,24.5,-0.6
steppe,Степь,2017,44,2017-10-30,2017-10-31,0.0,-0.5
steppe,Степь,2018,9,2018-03-01,2018-03-04,0.1,-14.4
steppe,Степь,2018,10,2018-03-05,2018-03-11,3.7,-11.0
steppe,Степь,2018,11,2018-03-12,2018-03-18,0.4,-9.9
steppe,Степь,2018,12,2018-03-19,2018-03-25,11.3,-3.4
steppe,Степь,2018,13,2018-03-26,2018-04-01,3.2,-4.1
steppe,Степь,2018,14,2018-04-02,2018-04-08,3.4,-0.6
steppe,Степь,2018,15,2018-04-09,2018-04-15,5.0,2.8
steppe,Степь,2018,16,2018-04-16,2018-04-22,3.2,3.9
steppe,Степь,2018,17,2018-04-23,2018-04-29,14.9,7.3
steppe,Степь,2018,18,2018-04-30,2018-05-06,9.3,6.5
steppe,Степь,2018,19,2018-05-07,2018-05-13,7.5,7.4
steppe,Степь,2018,20,2018-05-14,2018-05-20,1.8,7.5
steppe,Степь,2018,21,2018-05-21,2018-05-27,34.3,11.9
steppe,Степь,2018,22,2018-05-28,2018-06-03,11.4,12.6
steppe,Степь,2018,23,2018-06-04,2018-06-10,3.6,18.9
steppe,Степь,2018,24,2018-06-11,2018-06-17,1.6,18.9
steppe,Степь,2018,25,2018-06-18,2018-06-24,1.2,19.4
steppe,Степь,2018,26,2018-06-25,2018-07-01,30.1,20.1
steppe,Степь,2018,27,2018-07-02,2018-07-08,0.0,22.7
steppe,Степь,2018,28,2018-07-09,2018-07-15,14.0,23.6
steppe,Степь,2018,29,2018-07-16,2018-07-22,7.8,21.6
steppe,Степь,2018,30,2018-07-23,2018-07-29,21.7,18.6
steppe,Степь,2018,31,2018-07-30,2018-08-05,6.4,17.5
steppe,Степь,2018,32,2018-08-06,2018-08-12,16.5,19.7
steppe,Степь,2018,33,2018-08-13,2018-08-19,14.7,19.5
steppe,Степь,2018,34,2018-08-20,2018-08-26,52.0,14.7
steppe,Степь,2018,35,2018-08-27,2018-09-02,9.0,12.5
steppe,Степь,2018,36,2018-09-03,2018-09-09,1.8,12.3
steppe,Степь,2018,37,2018-09-10,2018-09-16,1.1,12.3
steppe,Степь,2018,38,2018-09-17,2018-09-23,13.7,12.0
steppe,Степь,2018,39,2018-09-24,2018-09-30,0.4,13.6
steppe,Степь,2018,40,2018-10-01,2018-10-07,0.0,11.6
steppe,Степь,2018,41,2018-10-08,2018-10-14,3.9,7.7
steppe,Степь,2018,42,2018-10-15,2018-10-21,15.3,2.9
steppe,Степь,2018,43,2018-10-22,2018-10-28,13.5,3.4
steppe,Степь,2018,44,2018-10-29,2018-10-31,5.6,-0.7
steppe,Степь,2019,9,2019-03-01,2019-03-03,1.6,-9.6
steppe,Степь,2019,10,2019-03-04,2019-03-10,0.7,-5.2
steppe,Степь,2019,11,2019-03-11,2019-03-17,1.8,-2.0
steppe,Степь,2019,12,2019-03-18,2019-03-24,0.0,-5.0
steppe,Степь,2019,13,2019-03-25,2019-03-31,17.0,0.4
steppe,Степь,2019,14,2019-04-01,2019-04-07,12.5,3.0
steppe,Степь,2019,15,2019-04-08,2019-04-14,0.6,5.9
steppe,Степь,2019,16,2019-04-15,2019-04-21,4.6,0.7
steppe,Степь,2019,17,2019-04-22,2019-04-28,4.3,5.3
steppe,Степь,2019,18,2019-04-29,2019-05-05,4.1,7.6
steppe,Степь,2019,19,2019-05-06,2019-05-12,0.1,17.5
steppe,Степь,2019,20,2019-05-13,2019-05-19,16.1,8.9
steppe,Степь,2019,21,2019-05-20,2019-05-26,7.7,11.0
steppe,Степь,2019,22,2019-05-27,2019-06-02,11.6,17.2
steppe,Степь,2019,23,2019-06-03,2019-06-09,40.7,14.7
steppe,Степь,2019,24,2019-06-10,2019-06-16,7.3,16.3
steppe,Степь,2019,25,2019-06-17,2019-06-23,7.2,16.5
steppe,Степь,2019,26,2019-06-24,2019-06-30,2.3,18.5
steppe,Степь,2019,27,2019-07-01,2019-07-07,9.9,21.0
steppe,Степь,2019,28,2019-07-08,2019-07-14,0.0,23.3
steppe,Степь,2019,29,2019-07-15,2019-07-21,0.2,25.0
steppe,Степь,2019,30,2019-07-22,2019-07-28,49.4,20.6
steppe,Степь,2019,31,2019-07-29,2019-08-04,9.5,23.0
steppe,Степь,2019,32,2019-08-05,2019-08-11,2.6,20.7
steppe,Степь,2019,33,2019-08-12,2019-08-18,3.0,22.1
steppe,Степь,2019,34,2019-08-19,2019-08-25,2.5,18.3
steppe,Степь,2019,35,2019-08-26,2019-09-01,9.4,15.7
steppe,Степь,2019,36,2019-09-02,2019-09-08,29.5,12.4
steppe,Степь,2019,37,2019-09-09,2019-09-15,5.9,13.4
steppe,Степь,2019,38,2019-09-16,2019-09-22,2.6,17.0
steppe,Степь,2019,39,2019-09-23,2019-09-29,8.4,7.6
steppe,Степь,2019,40,2019-09-30,2019-10-06,0.4,9.2
steppe,Степь,2019,41,2019-10-07,2019-10-13,0.4,12.7
steppe,Степь,2019,42,2019-10-14,2019-10-20,15.2,4.2
steppe,Степь,2019,43,2019-10-21,2019-10-27,4.9,3.6
steppe,Степь,2019,44,2019-10-28,2019-10-31,3.5,7.3
steppe,Степь,2020,9,2020-03-01,2020-03-01,0.0,-0.8
steppe,Степь,2020,10,2020-03-02,2020-03-08,1.0,-5.6
steppe,Степь,2020,11,2020-03-09,2020-03-15,3.4,-1.2
steppe,Степь,2020,12,2020-03-16,2020-03-22,3.0,0.5
steppe,Степь,2020,13,2020-03-23,2020-03-29,3.6,-2.6
steppe,Степь,2020,14,2020-03-30,2020-04-05,0.5,5.0
steppe,Степь,2020,15,2020-04-06,2020-04-12,3.3,5.0
steppe,Степь,2020,16,2020-04-13,2020-04-19,5.9,9.9
steppe,Степь,2020,17,2020-04-20,2020-04-26,5.8,13.6
steppe,Степь,2020,18,2020-04-27,2020-05-03,25.7,13.8
steppe,Степь,2020,19,2020-05-04,2020-05-10,1.3,14.9
steppe,Степь,2020,20,2020-05-11,2020-05-17,2.5,22.2
steppe,Степь,2020,21,2020-05-18,2020-05-24,5.2,19.0
steppe,Степь,2020,22,2020-05-25,2020-05-31,0.4,21.6
steppe,Степь,2020,23,2020-06-01,2020-06-07,1.5,18.0
steppe,Степь,2020,24,2020-06-08,2020-06-14,3.6,23.9
steppe,Степь,2020,25,2020-06-15,2020-06-21,0.2,16.8
steppe,Степь,2020,26,2020-06-22,2020-06-28,52.3,17.0
steppe,Степь,2020,27,2020-06-29,2020-07-05,12.8,19.8
steppe,Степь,2020,28,2020-07-06,2020-07-12,2.0,24.3
steppe,Степь,2020,29,2020-07-13,2020-07-19,0.0,26.9
steppe,Степь,2020,30,2020-07-20,2020-07-26,14.9,21.7
steppe,Степь,2020,31,2020-07-27,2020-08-02,3.2,21.6
steppe,Степь,2020,32,2020-08-03,2020-08-09,0.0,26.8
steppe,Степь,2020,33,2020-08-10,2020-08-16,10.0,20.6
steppe,Степь,2020,34,2020-08-17,2020-08-23,10.1,16.9
steppe,Степь,2020,35,2020-08-24,2020-08-30,2.7,18.6
steppe,Степь,2020,36,2020-08-31,2020-09-06,2.0,17.3
steppe,Степь,2020,37,2020-09-07,2020-09-13,6.3,13.3
steppe,Степь,2020,38,2020-09-14,2020-09-20,3.6,15.1
steppe,Степь,2020,39,2020-09-21,2020-09-27,15.7,9.3
steppe,Степь,2020,40,2020-09-28,2020-10-04,0.1,9.5
steppe,Степь,2020,41,2020-10-05,2020-10-11,7.0,4.8
steppe,Степь,2020,42,2020-10-12,2020-10-18,1.3,9.7
steppe,Степь,2020,43,2020-10-19,2020-10-25,10.5,3.8
steppe,Степь,2020,44,2020-10-26,2020-10-31,14.0,2.0
steppe,Степь,2021,9,2021-03-01,2021-03-07,6.8,-8.1
steppe,Степь,2021,10,2021-03-08,2021-03-14,6.8,-11.3
steppe,Степь,2021,11,2021-03-15,2021-03-21,3.7,-8.5
steppe,Степь,2021,12,2021-03-22,2021-03-28,3.5,-3.6
steppe,Степь,2021,13,2021-03-29,2021-04-04,3.0,-4.0
steppe,Степь,2021,14,2021-04-05,2021-04-11,6.2,1.4
steppe,Степь,2021,15,2021-04-12,2021-04-18,0.4,6.0
steppe,Степь,2021,16,2021-04-19,2021-04-25,0.1,1.8
steppe,Степь,2021,17,2021-04-26,2021-05-02,8.8,9.7
steppe,Степь,2021,18,2021-05-03,2021-05-09,0.8,13.8
steppe,Степь,2021,19,2021-05-10,2021-05-16,3.9,16.6
steppe,Степь,2021,20,2021-05-17,2021-05-23,0.3,20.8
steppe,Степь,2021,21,2021-05-24,2021-05-30,0.2,22.5
steppe,Степь,2021,22,2021-05-31,2021-06-06,5.3,18.5
steppe,Степь,2021,23,2021-06-07,2021-06-13,0.7,18.6
steppe,Степь,2021,24,2021-06-14,2021-06-20,11.4,22.2
steppe,Степь,2021,25,2021-06-21,2021-06-27,14.3,15.8
steppe,Степь,2021,26,2021-06-28,2021-07-04,0.0,27.8
steppe,Степь,2021,27,2021-07-05,2021-07-11,10.2,22.8
steppe,Степь,2021,28,2021-07-12,2021-07-18,29.6,17.6
steppe,Степь,2021,29,2021-07-19,2021-07-25,0.2,24.0
steppe,Степь,2021,30,2021-07-26,2021-08-01,2.3,20.3
steppe,Степь,2021,31,2021-08-02,2021-08-08,14.1,22.6
steppe,Степь,2021,32,2021-08-09,2021-08-15,13.2,17.5
steppe,Степь,2021,33,2021-08-16,2021-08-22,0.3,22.3
steppe,Степь,2021,34,2021-08-23,2021-08-29,3.0,22.9
steppe,Степь,2021,35,2021-08-30,2021-09-05,0.4,16.1
steppe,Степь,2021,36,2021-09-06,2021-09-12,13.4,13.4
steppe,Степь,2021,37,2021-09-13,2021-09-19,3.9,13.1
steppe,Степь,2021,38,2021-09-20,2021-09-26,3.5,6.5
steppe,Степь,2021,39,2021-09-27,2021-10-03,6.8,4.9
steppe,Степь,2021,40,2021-10-04,2021-10-10,5.3,4.3
steppe,Степь,2021,41,2021-10-11,2021-10-17,3.0,4.6
steppe,Степь,2021,42,2021-10-18,2021-10-24,1.7,6.9
steppe,Степь,2021,43,2021-10-25,2021-10-31,10.7,2.6
steppe,Степь,2022,9,2022-03-01,2022-03-06,9.3,-5.9
steppe,Степь,2022,10,2022-03-07,2022-03-13,1.6,-13.1
steppe,Степь,2022,11,2022-03-14,2022-03-20,0.0,-13.7
steppe,Степь,2022,12,2022-03-21,2022-03-27,6.9,-5.5
steppe,Степь,2022,13,2022-03-28,2022-04-03,4.8,0.3
steppe,Степь,2022,14,2022-04-04,2022-04-10,0.5,3.8
steppe,Степь,2022,15,2022-04-11,2022-04-17,0.0,9.5
steppe,Степь,2022,16,2022-04-18,2022-04-24,6.4,4.7
steppe,Степь,2022,17,2022-04-25,2022-05-01,0.7,12.4
steppe,Степь,2022,18,2022-05-02,2022-05-08,0.0,10.2
steppe,Степь,2022,19,2022-05-09,2022-05-15,0.0,17.1
steppe,Степь,2022,20,2022-05-16,2022-05-22,9.0,18.3
steppe,Степь,2022,21,2022-05-23,2022-05-29,0.0,20.6
steppe,Степь,2022,22,2022-05-30,2022-06-05,4.3,15.9
steppe,Степь,2022,23,2022-06-06,2022-06-12,1.6,21.7
steppe,Степь,2022,24,2022-06-13,2022-06-19,13.0,20.7
steppe,Степь,2022,25,2022-06-20,2022-06-26,4.5,23.7
steppe,Степь,2022,26,2022-06-27,2022-07-03,8.3,16.3
steppe,Степь,2022,27,2022-07-04,2022-07-10,20.3,20.6
steppe,Степь,2022,28,2022-07-11,2022-07-17,5.0,24.8
steppe,Степь,2022,29,2022-07-18,2022-07-24,7.8,21.3
steppe,Степь,2022,30,2022-07-25,2022-07-31,18.2,23.6
steppe,Степь,2022,31,2022-08-01,2022-08-07,2.6,22.1
steppe,Степь,2022,32,2022-08-08,2022-08-14,1.5,21.7
steppe,Степь,2022,33,2022-08-15,2022-08-21,2.0,14.7
steppe,Степь,2022,34,2022-08-22,2022-08-28,0.0,17.3
steppe,Степь,2022,35,2022-08-29,2022-09-04,0.6,22.4
steppe,Степь,2022,36,2022-09-05,2022-09-11,14.3,14.6
steppe,Степь,2022,37,2022-09-12,2022-09-18,0.9,11.5
steppe,Степь,2022,38,2022-09-19,2022-09-25,0.0,19.1
steppe,Степь,2022,39,2022-09-26,2022-10-02,13.4,2.8
steppe,Степь,2022,40,2022-10-03,2022-10-09,14.3,9.0
steppe,Степь,2022,41,2022-10-10,2022-10-16,1.2,9.3
steppe,Степь,2022,42,2022-10-17,2022-10-23,24.5,5.7
steppe,Степь,2022,43,2022-10-24,2022-10-30,10.8,-1.4
steppe,Степь,2022,44,2022-10-31,2022-10-31,0.0,-4.8
steppe,Степь,2023,9,2023-03-01,2023-03-05,3.6,-3.5
steppe,Степь,2023,10,2023-03-06,2023-03-12,14.0,-3.1
steppe,Степь,2023,11,2023-03-13,2023-03-19,10.7,-5.7
steppe,Степь,2023,12,2023-03-20,2023-03-26,0.0,-4.6
steppe,Степь,2023,13,2023-03-27,2023-04-02,0.1,-1.8
steppe,Степь,2023,14,2023-04-03,2023-04-09,0.8,0.9
steppe,Степь,2023,15,2023-04-10,2023-04-16,1.9,1.7
steppe,Степь,2023,16,2023-04-17,2023-04-23,0.4,1.7
steppe,Степь,2023,17,2023-04-24,2023-04-30,2.3,11.8
steppe,Степь,2023,18,2023-05-01,2023-05-07,0.0,10.9
steppe,Степь,2023,19,2023-05-08,2023-05-14,10.5,11.2
steppe,Степь,2023,20,2023-05-15,2023-05-21,0.0,13.2
steppe,Степь,2023,21,2023-05-22,2023-05-28,1.6,17.7
steppe,Степь,2023,22,2023-05-29,2023-06-04,9.2,23.3
steppe,Степь,2023,23,2023-06-05,2023-06-11,1.7,25.2
steppe,Степь,2023,24,2023-06-12,2023-06-18,9.0,19.3
steppe,Степь,2023,25,2023-06-19,2023-06-25,7.4,15.5
steppe,Степь,2023,26,2023-06-26,2023-07-02,25.0,18.7
steppe,Степь,2023,27,2023-07-03,2023-07-09,0.7,26.0
steppe,Степь,2023,28,2023-07-10,2023-07-16,9.0,27.0
steppe,Степь,2023,29,2023-07-17,2023-07-23,10.5,23.4
steppe,Степь,2023,30,2023-07-24,2023-07-30,0.8,23.8
steppe,Степь,2023,31,2023-07-31,2023-08-06,6.1,25.0
steppe,Степь,2023,32,2023-08-07,2023-08-13,5.7,19.2
steppe,Степь,2023,33,2023-08-14,2023-08-20,7.0,18.8
steppe,Степь,2023,34,2023-08-21,2023-08-27,10.7,18.3
steppe,Степь,2023,35,2023-08-28,2023-09-03,21.2,16.1
steppe,Степь,2023,36,2023-09-04,2023-09-10,11.2,13.4
steppe,Степь,2023,37,2023-09-11,2023-09-17,3.8,14.3
steppe,Степь,2023,38,2023-09-18,2023-09-24,4.7,13.8
steppe,Степь,2023,39,2023-09-25,2023-10-01,0.7,12.5
steppe,Степь,2023,40,2023-10-02,2023-10-08,0.7,10.7
steppe,Степь,2023,41,2023-10-09,2023-10-15,12.4,9.2
steppe,Степь,2023,42,2023-10-16,2023-10-22,17.8,7.1
steppe,Степь,2023,43,2023-10-23,2023-10-29,16.6,1.0
steppe,Степь,2023,44,2023-10-30,2023-10-31,7.4,-1.4
steppe,Степь,2024,9,2024-03-01,2024-03-03,0.5,-5.5
steppe,Степь,2024,10,2024-03-04,2024-03-10,10.4,-6.1
steppe,Степь,2024,11,2024-03-11,2024-03-17,1.1,-7.2
steppe,Степь,2024,12,2024-03-18,2024-03-24,0.5,-4.3
steppe,Степь,2024,13,2024-03-25,2024-03-31,3.4,0.6
steppe,Степь,2024,14,2024-04-01,2024-04-07,1.1,2.8
steppe,Степь,2024,15,2024-04-08,2024-04-14,14.3,5.1
steppe,Степь,2024,16,2024-04-15,2024-04-21,8.0,10.5
steppe,Степь,2024,17,2024-04-22,2024-04-28,0.5,7.7
steppe,Степь,2024,18,2024-04-29,2024-05-05,7.4,7.7
steppe,Степь,2024,19,2024-05-06,2024-05-12,10.3,11.6
steppe,Степь,2024,20,2024-05-13,2024-05-19,16.0,14.1
steppe,Степь,2024,21,2024-05-20,2024-05-26,24.4,11.5
steppe,Степь,2024,22,2024-05-27,2024-06-02,3.6,10.1
steppe,Степь,2024,23,2024-06-03,2024-06-09,16.4,18.6
steppe,Степь,2024,24,2024-06-10,2024-06-16,27.2,21.5
steppe,Степь,2024,25,2024-06-17,2024-06-23,15.8,21.8
steppe,Степь,2024,26,2024-06-24,2024-06-30,1.8,24.0
steppe,Степь,2024,27,2024-07-01,2024-07-07,44.2,20.3
steppe,Степь,2024,28,2024-07-08,2024-07-14,1.9,23.5
steppe,Степь,2024,29,2024-07-15,2024-07-21,40.1,21.9
steppe,Степь,2024,30,2024-07-22,2024-07-28,32.2,20.5
steppe,Степь,2024,31,2024-07-29,2024-08-04,13.9,21.5
steppe,Степь,2024,32,2024-08-05,2024-08-11,18.2,18.3
steppe,Степь,2024,33,2024-08-12,2024-08-18,19.7,18.4
steppe,Степь,2024,34,2024-08-19,2024-08-25,28.6,16.8
steppe,Степь,2024,35,2024-08-26,2024-09-01,16.5,14.6
steppe,Степь,2024,36,2024-09-02,2024-09-08,26.1,12.3
steppe,Степь,2024,37,2024-09-09,2024-09-15,5.4,14.8
steppe,Степь,2024,38,2024-09-16,2024-09-22,0.0,11.7
steppe,Степь,2024,39,2024-09-23,2024-09-29,0.0,8.4
steppe,Степь,2024,40,2024-09-30,2024-10-06,0.0,9.5
steppe,Степь,2024,41,2024-10-07,2024-10-13,6.5,4.9
steppe,Степь,2024,42,2024-10-14,2024-10-20,0.0,1.1
steppe,Степь,2024,43,2024-10-21,2024-10-27,11.6,5.3
steppe,Степь,2024,44,2024-10-28,2024-10-31,26.2,1.2
steppe,Степь,2025,9,2025-03-01,2025-03-02,1.5,-7.6
steppe,Степь,2025,10,2025-03-03,2025-03-09,6.9,-9.6
steppe,Степь,2025,11,2025-03-10,2025-03-16,1.0,-6.3
steppe,Степь,2025,12,2025-03-17,2025-03-23,9.8,1.1
steppe,Степь,2025,13,2025-03-24,2025-03-30,0.9,-1.9
steppe,Степь,2025,14,2025-03-31,2025-04-06,14.2,5.9
steppe,Степь,2025,15,2025-04-07,2025-04-13,3.7,11.2
steppe,Степь,2025,16,2025-04-14,2025-04-20,6.6,5.8
steppe,Степь,2025,17,2025-04-21,2025-04-27,5.6,12.3
steppe,Степь,2025,18,2025-04-28,2025-05-04,1.9,11.1
steppe,Степь,2025,19,2025-05-05,2025-05-11,10.9,17.1
steppe,Степь,2025,20,2025-05-12,2025-05-18,15.2,16.9
steppe,Степь,2025,21,2025-05-19,2025-05-25,2.2,16.2
steppe,Степь,2025,22,2025-05-26,2025-06-01,5.9,15.5
steppe,Степь,2025,23,2025-06-02,2025-06-08,28.8,20.8
steppe,Степь,2025,24,2025-06-09,2025-06-15,10.5,22.7
steppe,Степь,2025,25,2025-06-16,2025-06-22,8.0,24.0
steppe,Степь,2025,26,2025-06-23,2025-06-29,7.1,18.6
steppe,Степь,2025,27,2025-06-30,2025-07-06,20.0,22.9
steppe,Степь,2025,28,2025-07-07,2025-07-13,10.8,19.4
steppe,Степь,2025,29,2025-07-14,2025-07-20,33.2,19.2
steppe,Степь,2025,30,2025-07-21,2025-07-27,13.6,19.7
steppe,Степь,2025,31,2025-07-28,2025-08-03,14.4,20.8
steppe,Степь,2025,32,2025-08-04,2025-08-10,25.3,15.2
steppe,Степь,2025,33,2025-08-11,2025-08-17,24.5,18.0
steppe,Степь,2025,34,2025-08-18,2025-08-24,10.5,19.1
steppe,Степь,2025,35,2025-08-25,2025-08-31,4.3,19.1
steppe,Степь,2025,36,2025-09-01,2025-09-07,10.0,15.8
steppe,Степь,2025,37,2025-09-08,2025-09-14,21.9,12.9
steppe,Степь,2025,38,2025-09-15,2025-09-21,0.0,13.9
steppe,Степь,2025,39,2025-09-22,2025-09-28,7.7,14.8
steppe,Степь,2025,40,2025-09-29,2025-10-05,7.9,3.9
steppe,Степь,2025,41,2025-10-06,2025-10-12,3.2,2.9
steppe,Степь,2025,42,2025-10-13,2025-10-19,0.0,-0.7
steppe,Степь,2025,43,2025-10-20,2025-10-26,0.7,2.2
steppe,Степь,2025,44,2025-10-27,2025-10-31,0.0,4.0
